,Batch,Eng7,Eng8,Eng9,Math7,Math8,Math9,Sci7,Sci8,Sci9,GWA7,GWA8,GWA9,UP,IQ,Target
0,2005,77,82.0,86,94,87,92.0,84,80,92,1.4764,1.5045,1.4098,1,55.0,1
1,2005,57,57.0,59,55,46,57.0,53,45,53,2.6557,2.7,2.7008,1,38.0,0
2,2005,55,52.0,55,57,53,51.0,57,62,51,2.6132,2.6818,2.7172,0,17.0,0
3,2005,69,78.0,78,87,79,79.0,83,82,79,1.7217,1.6136,1.7049,1,45.0,0
4,2005,64,71.0,68,71,57,54.0,60,59,55,2.4245,2.4318,2.4713,1,67.0,0
5,2005,66,61.0,68,57,50,53.0,71,51,55,2.4575,2.5909,2.4672,0,79.0,0
6,2005,73,82.0,77,90,82,74.0,77,77,68,1.7594,1.6682,1.9344,1,89.0,1
7,2005,85,86.0,88,82,76,78.0,93,87,81,1.4764,1.4682,1.5,0,94.0,1
8,2005,70,68.0,67,77,67,61.0,72,61,62,2.0377,2.2045,2.4221,0,90.0,0
9,2005,49,49.0,51,51,50,50.0,62,55,47,2.6179,2.6909,2.7992,0,25.0,0
10,2005,76,78.0,75,83,77,84.0,86,77,80,1.7075,1.7227,1.7131,0,81.0,1
11,2005,63,60.0,57,62,62,56.0,69,66,58,2.2594,2.3182,2.3525,1,29.0,0
12,2005,80,82.0,83,85,80,81.0,92,87,83,1.5094,1.5818,1.6475,0,91.0,1
13,2005,61,55.0,64,52,48,58.0,63,57,53,2.533,2.6727,2.5738,0,52.0,0
14,2005,63,66.0,69,64,59,53.0,76,50,59,2.1415,2.2909,2.3074,1,57.0,0
15,2005,70,75.0,74,84,73,81.0,82,71,71,1.8585,1.9364,1.9221,0,87.0,1
16,2005,75,77.0,83,66,67,68.0,72,69,77,2.0047,1.8955,1.7951,1,62.0,1
17,2005,54,46.0,53,54,50,50.0,60,63,49,2.9057,2.6864,2.7828,0,57.0,0
18,2005,63,74.0,67,75,70,69.0,76,64,71,1.8774,2.0091,2.0492,0,60.0,0
19,2005,72,74.0,78,79,75,73.0,76,71,69,1.8208,1.8864,1.9344,0,62.0,0
20,2005,81,79.0,74,90,84,84.0,92,85,81,1.4245,1.5136,1.6516,0,89.0,1
21,2005,63,70.0,75,61,62,64.0,73,65,57,2.2406,2.25,2.0984,1,45.0,1
22,2005,53,50.0,54,68,58,50.0,70,69,59,2.3585,2.5773,2.6762,1,55.0,0
23,2005,77,80.0,82,83,73,80.0,87,80,80,1.5708,1.5591,1.6475,0,62.0,1
24,2005,74,75.0,72,81,73,73.0,80,70,70,1.8019,1.95,1.9959,1,67.0,0
25,2005,76,80.0,79,84,75,65.0,89,78,64,1.6038,1.7182,2.0287,1,87.0,1
26,2005,71,71.0,68,81,70,78.0,84,73,76,1.717,1.8591,1.8893,1,38.0,0
27,2005,82,85.0,80,83,73,75.0,84,84,76,1.5142,1.4545,1.6639,0,65.0,0
28,2005,73,77.0,76,86,82,81.0,86,82,80,1.6698,1.6955,1.6762,1,87.0,0
29,2005,67,74.0,69,83,95,93.0,83,59,61,1.75,1.8182,2.0205,1,81.0,0
30,2005,55,58.0,55,67,53,52.0,68,53,50,2.3774,2.5955,2.7172,1,81.0,0
31,2005,71,65.0,63,81,73,69.0,75,70,63,1.9245,2.1682,2.3361,1,73.0,1
32,2005,74,70.0,71,75,58,61.0,70,54,61,2.1085,2.4864,2.3689,1,73.0,0
33,2005,54,53.0,58,71,66,65.0,67,54,62,2.4104,2.4909,2.3525,1,33.0,0
34,2005,73,65.0,70,65,58,52.0,75,68,51,2.1462,2.2136,2.4385,0,67.0,0
35,2005,62,54.0,60,73,68,63.0,75,59,62,2.0991,2.3455,2.4672,1,10.0,0
36,2005,70,70.0,70,70,65,68.0,72,67,68,1.9906,2.0636,2.0615,1,62.0,0
37,2005,70,61.0,69,65,57,56.0,72,63,55,2.1651,2.3818,2.4139,1,73.0,0
38,2005,70,77.0,68,84,81,67.0,77,69,62,1.8538,1.8136,2.1844,0,67.0,0
39,2005,54,59.0,58,64,60,53.0,62,60,53,2.4528,2.5636,2.6885,1,57.0,0
40,2005,72,77.0,71,87,82,83.0,85,76,77,1.684,1.7364,1.9139,1,67.0,1
41,2005,82,87.0,88,91,84,90.0,91,86,88,1.3726,1.4273,1.3443,1,84.0,1
42,2005,82,85.0,86,92,86,81.0,91,84,77,1.3443,1.4136,1.5615,0,90.0,1
43,2005,80,80.0,85,90,83,82.0,91,79,77,1.5,1.65,1.6598,1,71.0,1
44,2005,72,72.0,77,78,85,85.0,82,82,83,1.7453,1.6682,1.75,1,75.0,1
45,2005,64,68.0,64,67,68,59.0,66,65,62,2.3349,2.2227,2.3525,1,48.0,0
46,2005,72,88.0,88,79,78,78.0,83,74,78,1.7264,1.6136,1.5082,0,88.0,1
47,2005,62,62.0,58,71,56,65.0,69,66,60,2.1698,2.2045,2.2623,0,45.0,0
48,2005,68,66.0,69,68,58,57.0,72,66,66,2.0708,2.1727,2.1803,1,50.0,0
49,2005,83,84.0,88,91,81,86.0,91,84,85,1.3726,1.4409,1.3689,0,88.0,1
50,2005,74,75.0,81,80,64,68.0,77,67,72,1.7311,1.8227,1.8484,0,75.0,0
51,2005,77,82.0,75,76,83,69.0,81,83,74,1.7925,1.5864,1.8238,0,65.0,1
52,2005,58,57.0,57,60,51,53.0,63,54,51,2.5377,2.5636,2.5533,1,60.0,0
53,2005,71,72.0,73,82,78,78.0,78,74,71,1.8349,1.8091,1.8689,1,60.0,0
54,2005,55,56.0,56,57,50,52.0,64,61,52,2.5283,2.6136,2.6844,0,43.0,0
55,2005,75,78.0,72,75,67,68.0,85,77,72,1.7453,1.8045,1.8074,0,65.0,0
56,2005,82,79.0,84,81,69,74.0,91,77,79,1.5755,1.7364,1.5861,1,99.0,1
57,2005,75,76.0,65,85,64,64.0,82,69,66,1.6745,1.9909,2.082,0,87.0,1
58,2005,44,51.0,51,63,50,48.0,63,57,43,2.5377,2.7364,2.75,1,25.0,0
59,2005,76,78.0,72,74,69,68.0,87,76,76,1.6981,1.8,1.7787,1,73.0,1
60,2005,85,87.0,86,80,71,79.0,91,85,83,1.4198,1.5227,1.4631,1,87.0,1
61,2005,65,68.0,60,90,70,63.0,86,68,65,1.7358,1.9545,2.2131,0,60.0,0
62,2005,75,86.0,84,89,83,80.0,88,85,80,1.4953,1.5636,1.5574,1,88.0,1
63,2005,78,81.0,81,86,79,87.0,88,86,85,1.4811,1.4727,1.4426,1,57.0,1
64,2005,69,67.0,75,75,72,57.0,73,73,70,1.9858,2.0273,2.1311,0,67.0,0
65,2005,73,70.0,73,85,61,67.0,77,69,70,1.7358,2.0318,1.959,0,75.0,0
66,2005,75,80.0,68,83,72,68.0,87,81,77,1.6462,1.5818,1.8852,0,75.0,1
67,2005,74,78.0,75,79,67,61.0,83,77,69,1.7311,1.7636,1.9139,0,55.0,0
68,2005,74,81.0,75,78,78,70.0,83,80,72,1.7075,1.7591,1.9262,0,71.0,1
69,2005,59,55.0,55,61,55,57.0,71,64,62,2.3443,2.3818,2.4426,1,25.0,0
70,2005,75,84.0,82,85,80,76.0,84,85,74,1.6604,1.5455,1.8566,1,94.0,1
71,2005,58,52.0,55,50,47,53.0,69,50,51,2.4528,2.5909,2.6066,1,43.0,0
72,2005,81,88.0,87,78,76,79.0,90,84,79,1.5519,1.5182,1.5369,0,99.0,1
73,2005,70,81.0,73,72,67,69.0,80,75,68,1.9151,1.8182,1.9918,1,71.0,1
74,2005,68,70.0,74,83,69,87.0,85,75,82,1.7358,1.8682,1.6803,0,62.0,1
75,2005,48,52.0,54,52,49,56.0,58,55,52,2.6698,2.7455,2.6352,1,38.0,0
76,2005,82,86.0,86,85,85,89.0,93,93,91,1.4387,1.3818,1.3689,1,94.0,1
77,2005,55,54.0,59,64,51,57.0,59,62,63,2.4953,2.5455,2.5492,1,65.0,0
78,2005,79,80.0,80,78,77,79.0,84,78,74,1.5943,1.65,1.6598,0,86.0,1
79,2005,77,77.0,75,64,53,50.0,73,76,60,2.033,1.9636,2.2254,0,62.0,0
80,2005,75,78.0,82,66,67,73.0,79,74,76,2.0472,1.9,1.8279,1,84.0,1
81,2005,66,64.0,58,80,80,75.0,84,77,68,2.0189,1.9909,2.2541,1,77.0,1
82,2005,66,69.0,64,81,74,60.0,77,70,60,2.0802,2.1773,2.4385,1,71.0,0
83,2005,74,80.0,73,78,77,71.0,84,81,76,1.783,1.6545,1.8279,1,84.0,1
84,2005,61,62.0,58,56,53,51.0,64,61,54,2.5047,2.5091,2.5902,1,48.0,0
85,2005,62,56.0,60,63,56,51.0,68,64,64,2.2547,2.3545,2.3689,1,33.0,0
86,2005,73,67.0,65,83,68,76.0,84,73,64,1.6462,2.2404,2.3578,1,88.0,1
87,2005,60,62.0,59,60,55,59.0,74,56,56,2.3726,2.3682,2.3934,1,23.0,0
88,2005,58,48.0,63,66,62,55.0,60,59,51,2.5896,2.6045,2.5943,0,67.0,0
89,2005,49,50.0,54,59,53,55.0,55,51,55,2.6745,2.7545,2.6557,1,45.0,0
90,2005,59,49.0,63,54,41,53.0,58,57,55,2.6321,2.7727,2.6025,0,64.0,0
91,2005,84,89.0,87,93,92,98.0,92,92,90,1.3538,1.2955,1.2828,1,88.0,1
92,2005,71,79.0,72,82,72,73.0,85,81,72,1.8726,1.65,1.9057,1,71.0,0
93,2005,78,80.0,81,92,90,90.0,89,80,88,1.3821,1.5182,1.5246,0,84.0,1
94,2005,68,69.0,64,78,80,69.0,76,66,70,1.8962,1.9727,2.0738,1,48.0,0
95,2005,66,77.0,77,78,75,70.0,87,83,77,1.7594,1.8364,1.9221,1,43.0,1
96,2005,76,74.0,77,76,65,65.0,79,57,64,1.8726,2.1455,2.25,0,84.0,1
97,2005,67,77.0,74,75,67,67.0,76,72,67,2.0566,1.9727,2.0492,0,69.0,1
98,2005,59,56.0,63,63,51,60.0,74,55,61,2.2736,2.4273,2.2951,1,50.0,0
99,2005,79,77.0,82,88,76,82.0,89,75,79,1.5047,1.7409,1.7172,0,94.0,1
100,2005,79,79.0,79,90,83,81.0,91,84,81,1.4104,1.55,1.582,0,84.0,1
101,2005,77,76.0,79,69,63,61.0,77,61,71,1.8915,2.0273,1.9016,0,75.0,1
102,2005,74,82.0,78,86,81,82.0,90,86,79,1.5377,1.5682,1.6475,0,81.0,1
103,2005,83,84.0,89,93,91,90.0,90,88,85,1.4481,1.4091,1.3811,1,93.0,1
104,2005,73,74.0,80,73,60,69.0,76,73,66,2.0283,2.0409,2.041,1,91.0,1
105,2005,76,84.0,74,84,77,74.0,85,78,70,1.7028,1.7365,2.123,0,87.0,1
106,2005,81,77.0,74,84,71,77.0,82,70,71,1.6085,1.8455,1.8934,1,69.0,1
107,2005,65,71.0,70,85,79,79.0,79,72,78,1.8491,1.8773,1.873,1,57.0,1
108,2005,47,51.0,57,63,48,52.0,66,48,57,2.4906,2.5182,2.5902,0,48.0,0
109,2005,69,67.0,61,61,48,57.0,80,62,57,2.2547,2.4545,2.4795,0,75.0,0
110,2005,55,66.0,61,69,73,58.0,70,69,65,2.4387,2.2273,2.3197,0,57.0,0
111,2005,76,79.0,80,80,70,76.0,84,80,76,1.6321,1.6955,1.7459,0,87.0,1
112,2005,67,67.0,69,73,68,55.0,76,67,61,2.0142,2.1636,2.2295,0,31.0,0
113,2005,76,76.0,75,74,63,66.0,78,72,64,1.9292,1.9682,2.0328,1,52.0,1
114,2005,72,81.0,84,90,82,84.0,87,74,76,1.5519,1.6682,1.6148,0,91.0,1
115,2005,77,82.0,81,83,75,80.0,88,83,81,1.5896,1.5727,1.582,1,31.0,1
116,2005,71,82.0,74,94,89,89.0,90,82,77,1.5849,1.6545,1.8402,0,88.0,1
117,2005,73,71.0,69,78,75,75.0,83,74,75,1.717,1.8955,1.9672,0,87.0,1
118,2005,64,69.0,68,92,80,86.0,80,73,71,1.8066,1.8136,1.8566,1,67.0,0
119,2005,76,79.0,76,78,71,61.0,82,72,67,1.7075,1.8591,2.0738,0,79.0,1
120,2005,80,83.0,81,88,77,87.0,90,82,75,1.4575,1.6,1.6393,1,67.0,1
121,2005,57,52.0,53,67,57,54.0,61,62,55,2.4151,2.6136,2.709,1,52.0,0
122,2005,59,63.0,62,71,71,72.0,61,56,65,2.4575,2.4091,2.2377,0,55.0,0
123,2005,85,89.0,86,96,95,94.0,96,94,93,1.2311,1.2409,1.3033,1,73.0,1
124,2005,84,88.0,85,95,94,95.0,93,91,90,1.2642,1.2455,1.3197,1,92.0,1
125,2006,56,58.0,60,83,71,78.0,69,61,66,2.1745,2.3136,2.3525,1,62.0,0
126,2006,72,76.0,77,74,70,74.0,80,71,74,1.7877,1.8727,1.8402,0,77.0,0
127,2006,89,83.0,85,80,76,76.0,86,87,78,1.4104,1.6364,1.7008,2,75.0,1
128,2006,67,67.0,70,66,62,71.0,76,63,74,2.066,2.1136,2.041,1,48.0,0
129,2006,56,59.0,65,58,53,58.0,66,57,63,2.4811,2.4182,2.2787,1,43.0,0
130,2006,71,74.0,76,79,76,75.0,87,76,72,1.8302,1.9364,2.0287,0,89.0,1
131,2006,61,63.0,68,75,65,66.0,73,55,66,2.1698,2.2955,2.2336,1,33.0,0
132,2006,66,69.0,68,75,62,59.0,74,58,70,2.066,2.1682,2.0984,1,43.0,0
133,2006,61,55.0,63,64,46,54.0,66,52,58,2.2358,2.5682,2.459,1,52.0,1
134,2006,64,53.0,67,66,57,63.0,68,50,60,2.3396,2.6773,2.4754,0,55.0,0
135,2006,69,73.0,76,81,62,58.0,71,68,70,1.783,1.9773,2.0779,1,92.0,1
136,2006,76,68.0,74,66,56,64.0,70,63,66,2.1085,2.1864,2.1475,1,43.0,1
137,2006,63,61.0,62,62,58,59.0,73,65,61,2.2028,2.3909,2.5,0,57.0,0
138,2006,54,69.0,62,61,47,51.0,62,54,60,2.4057,2.5,2.4262,1,19.0,0
139,2006,70,71.0,72,62,59,70.0,73,73,74,2.0708,2.0182,2.0451,1,48.0,0
140,2006,88,91.0,91,96,95,95.0,97,98,94,1.1651,1.1273,1.2254,1,95.0,1
141,2006,70,72.0,78,69,60,64.0,72,70,63,2.0896,2.0364,2.1762,1,86.0,1
142,2006,64,66.0,70,65,60,59.0,69,73,64,2.2453,2.1136,2.2787,0,35.0,0
143,2006,75,78.0,81,76,72,75.0,90,81,84,1.6226,1.6545,1.7541,0,79.0,1
144,2006,63,60.0,67,69,67,68.0,77,56,62,2.0849,2.3727,2.2828,1,52.0,0
145,2006,90,91.0,87,93,90,95.0,94,96,91,1.1981,1.1545,1.2541,0,71.0,1
146,2006,75,73.0,76,84,83,80.0,81,82,78,1.6604,1.6318,1.8648,0,69.0,1
147,2006,89,82.0,83,89,78,83.0,91,89,85,1.2264,1.4545,1.5738,1,55.0,1
148,2006,80,81.0,80,74,80,84.0,80,70,81,1.7642,1.7273,1.7828,1,71.0,1
149,2006,76,80.0,85,82,87,93.0,81,87,86,1.717,1.4818,1.5287,0,65.0,1
150,2006,68,63.0,70,83,65,71.0,76,69,66,2.0377,2.2636,2.2541,0,69.0,1
151,2006,70,70.0,75,90,93,87.0,79,73,73,1.8255,1.8545,1.9139,2,86.0,1
152,2006,81,78.0,74,79,74,73.0,79,74,72,1.6462,1.7636,1.8893,2,71.0,1
153,2006,84,85.0,82,94,96,96.0,89,87,93,1.2877,1.3318,1.3566,1,79.0,1
154,2006,86,84.0,85,95,93,93.0,93,94,88,1.2123,1.3,1.4508,0,75.0,1
155,2006,65,69.0,72,72,70,78.0,74,66,78,2.1179,2.1818,2.0779,1,45.0,1
156,2006,91,89.0,92,73,73,75.0,91,93,75,1.4528,1.3909,1.582,0,57.0,1
157,2006,72,77.0,76,82,74,76.0,82,81,81,1.7264,1.7636,1.6025,1,40.0,1
158,2006,64,70.0,78,78,76,86.0,72,68,78,1.9906,2.0864,1.8443,1,69.0,1
159,2006,75,75.0,80,80,86,85.0,84,79,86,1.7028,1.7227,1.5984,1,75.0,1
160,2006,58,58.0,61,63,52,60.0,71,60,64,2.3208,2.4773,2.3525,2,35.0,0
161,2006,80,80.0,86,88,86,94.0,88,91,93,1.4009,1.3727,1.3156,0,73.0,1
162,2006,75,74.0,83,88,70,76.0,84,79,81,1.7264,1.8955,1.877,1,81.0,1
163,2006,76,82.0,84,76,74,79.0,75,77,79,1.8302,1.7227,1.7213,0,96.0,1
164,2006,74,76.0,76,90,86,88.0,83,80,88,1.5991,1.6545,1.6762,1,71.0,1
165,2006,72,71.0,73,75,65,61.0,76,64,69,1.9575,2.2045,2.3648,2,96.0,0
166,2006,67,67.0,71,63,55,66.0,68,58,70,2.1981,2.2591,2.0943,2,65.0,0
167,2006,61,61.0,58,77,69,50.0,74,57,58,2.1651,2.3682,2.6434,1,81.0,0
168,2006,56,57.0,66,63,59,50.0,66,62,60,2.4434,2.4682,2.6762,0,71.0,0
169,2006,80,82.0,81,78,74,71.0,86,73,70,1.533,1.7182,2.0123,1,81.0,1
170,2006,76,72.0,76,81,73,73.0,81,77,73,1.6745,1.85,2.0041,1,93.0,1
171,2006,81,72.0,81,79,79,81.0,78,81,73,1.6462,1.7091,1.9262,0,71.0,1
172,2006,57,55.0,65,69,60,60.0,69,66,68,2.2689,2.2727,2.2992,1,52.0,0
173,2006,58,50.0,59,73,56,62.0,70,59,59,2.1887,2.5955,2.4836,2,83.0,0
174,2006,64,67.0,63,78,76,72.0,85,59,72,1.8538,2.1818,2.2582,1,71.0,0
175,2006,72,70.0,74,81,76,73.0,79,68,69,1.7594,2.0273,2.0328,0,69.0,1
176,2006,90,91.0,93,79,72,77.0,83,81,77,1.5519,1.6,1.6148,1,97.0,1
177,2006,67,69.0,75,70,60,67.0,75,63,71,2.066,2.1818,2.0082,1,60.0,1
178,2006,72,74.0,72,71,61,59.0,69,64,63,2.0489,2.1227,2.209,2,52.0,0
179,2006,76,73.0,73,78,69,75.0,77,69,71,1.7972,1.9318,2.0533,1,97.0,1
180,2006,72,75.0,82,80,76,82.0,83,71,76,1.9057,1.8818,1.8607,0,93.0,1
181,2006,58,56.0,62,54,53,54.0,71,64,64,2.4717,2.3636,2.5533,1,52.0,0
182,2006,60,61.0,67,63,56,59.0,68,55,67,2.3019,2.3818,2.2295,1,40.0,0
183,2006,69,64.0,71,77,69,69.0,82,76,74,1.9057,2.0318,1.9959,0,50.0,0
184,2006,81,85.0,80,90,74,70.0,87,77,77,1.4387,1.6818,1.8525,2,71.0,1
185,2006,79,83.0,84,88,82,83.0,88,87,85,1.4434,1.5636,1.623,0,69.0,1
186,2006,91,90.0,93,80,80,81.0,90,85,81,1.3632,1.3909,1.4467,0,91.0,1
187,2006,72,65.0,75,82,67,78.0,83,70,78,1.7877,2.2591,2.0779,2,77.0,1
188,2006,76,76.0,84,86,79,87.0,90,82,86,1.5,1.6682,1.5656,1,57.0,1
189,2006,82,81.0,79,92,89,84.0,90,87,86,1.3726,1.4727,1.668,0,86.0,1
190,2006,73,74.0,73,73,76,78.0,77,71,81,1.9009,1.9132,1.8893,1,75.0,0
191,2006,72,78.0,72,73,71,74.0,88,89,76,1.6698,1.5636,1.9385,1,52.0,1
192,2006,78,79.0,83,88,91,96.0,84,82,96,1.6226,1.5545,1.4139,1,73.0,1
193,2006,93,89.0,90,95,95,89.0,94,97,89,1.1934,1.1545,1.3648,0,98.0,1
194,2006,62,59.0,61,64,54,55.0,72,56,51,2.1745,2.5318,2.6516,0,65.0,0
195,2006,89,86.0,87,83,75,74.0,85,79,78,1.4528,1.6045,1.6352,1,87.0,1
196,2006,90,92.0,92,98,99,97.0,97,98,94,1.1038,1.0727,1.2131,0,95.0,1
197,2006,75,75.0,77,68,56,52.0,76,67,61,1.9057,2.0818,2.1844,1,43.0,0
198,2006,59,58.0,61,55,59,58.0,67,61,57,2.5094,2.4455,2.3893,0,35.0,0
199,2006,65,68.0,69,85,81,83.0,77,61,72,2.0377,1.9955,2.0164,1,52.0,0
200,2006,82,80.0,71,64,56,50.0,75,64,58,1.9623,2.1091,2.4467,0,88.0,1
201,2006,67,67.0,74,66,57,64.0,74,64,69,2.1132,2.1955,2.0041,1,52.0,1
202,2006,79,78.0,83,70,69,74.0,83,82,76,1.7123,1.7182,1.791,1,69.0,1
203,2006,67,64.0,70,74,63,75.0,77,64,75,1.967,2.1773,2.0,1,17.0,0
204,2006,68,31.0,69,56,49,55.0,73,52,63,2.1698,2.4409,2.3115,1,48.0,0
205,2006,68,65.0,69,62,50,57.0,77,55,62,2.1981,2.4136,2.2582,1,31.0,1
206,2006,66,61.0,64,77,58,62.0,82,69,60,2.1557,2.4182,2.4549,1,71.0,1
207,2006,57,50.0,55,62,50,50.0,54,54,50,2.5708,2.8182,3.2765,1,31.0,0
208,2006,79,79.0,82,87,93,94.0,88,86,85,1.5236,1.4682,1.5943,0,89.0,1
209,2006,68,62.0,70,76,68,59.0,75,62,62,1.9151,2.2045,2.2746,0,93.0,0
210,2006,83,83.0,82,84,82,79.0,92,91,82,1.4245,1.5227,1.709,2,69.0,1
211,2006,60,69.0,76,72,69,73.0,69,68,73,2.1745,2.1227,2.0574,2,89.0,0
212,2006,70,66.0,74,76,68,79.0,83,71,77,1.9009,2.1364,1.9057,1,62.0,0
213,2006,68,69.0,74,87,83,88.0,85,78,85,1.6745,1.7455,1.7213,0,55.0,1
214,2006,53,55.0,54,48,47,51.0,52,50,51,2.7406,2.7136,2.7869,1,50.0,0
215,2006,76,78.0,75,79,85,83.0,87,84,78,1.6179,2.2182,1.6926,0,71.0,1
216,2006,82,82.0,82,93,94,91.0,93,87,86,1.3491,1.4273,1.4631,0,86.0,1
217,2006,59,57.0,72,55,51,54.0,67,60,55,2.5,2.6318,2.4672,1,60.0,0
218,2006,61,60.0,53,71,65,64.0,77,62,61,2.1274,2.2727,2.0442,0,57.0,0
219,2006,78,74.0,73,76,75,70.0,81,79,76,1.7217,1.8182,1.9467,0,88.0,1
220,2006,68,70.0,76,78,60,66.0,75,57,66,2.0377,2.3,2.1148,1,65.0,1
221,2006,58,59.0,64,59,62,64.0,70,56,65,2.434,2.3773,2.3279,1,31.0,0
222,2006,61,58.0,61,76,72,70.0,77,63,64,2.1462,2.3,2.3402,1,60.0,0
223,2006,55,63.0,68,82,80,91.0,74,72,80,2.0519,1.9227,1.8607,1,57.0,0
224,2006,65,70.0,73,73,75,75.0,79,72,77,1.9528,1.8909,1.918,1,75.0,0
225,2006,63,67.0,64,80,73,64.0,79,64,61,1.9555,2.1227,2.4262,1,83.0,1
226,2006,77,80.0,78,83,78,83.0,85,86,80,1.6792,1.5364,1.8115,2,65.0,1
227,2006,87,87.0,91,90,95,97.0,88,100,93,1.3774,1.1864,1.2623,0,99.0,1
228,2006,59,61.0,63,59,50,53.0,68,58,54,2.4104,2.4227,2.5779,1,25.0,0
229,2006,54,56.0,59,72,66,65.0,64,54,57,2.3715,2.4045,2.459,1,52.0,0
230,2006,79,79.0,81,85,78,82.0,87,76,79,1.5142,1.6682,1.7213,1,83.0,1
231,2006,72,67.0,72,77,66,53.0,81,68,58,1.8538,2.0727,2.2418,1,71.0,1
232,2006,66,62.0,71,84,78,85.0,81,64,81,1.8491,2.1864,1.9262,1,89.0,1
233,2006,64,63.0,65,68,61,61.0,70,58,60,2.2123,2.2682,2.2459,1,38.0,0
234,2007,59,56.0,56,72,67,63.0,60,66,55,2.4057,2.3455,2.4631,1,60.0,0
235,2007,51,53.0,57,57,59,57.0,57,58,55,2.7028,2.6591,2.5861,1,17.0,0
236,2007,58,60.0,63,70,62,64.0,61,61,61,2.3538,2.45,2.3238,1,62.0,0
237,2007,68,65.0,71,82,80,86.0,74,77,69,1.8821,1.9409,1.8852,0,69.0,0
238,2007,65,61.0,67,75,70,65.0,80,69,55,2.0708,2.4364,2.5656,1,91.0,1
239,2007,77,72.0,82,89,75,81.0,89,79,75,1.6557,1.8773,1.9016,0,98.0,1
240,2007,61,67.0,67,67,63,54.0,77,75,62,2.0708,2.0364,2.291,0,68.0,0
241,2007,60,64.0,66,62,58,58.0,73,69,62,2.184,2.2545,2.3934,1,48.0,0
242,2007,62,55.0,56,54,48,41.0,60,54,47,2.4623,2.8955,3.1066,0,40.0,0
243,2007,69,76.0,77,70,68,70.0,72,78,68,2.0,1.8955,1.9098,0,55.0,1
244,2007,69,67.0,78,67,51,48.0,74,59,50,2.1745,2.3455,2.5164,1,83.0,1
245,2007,63,63.0,66,68,71,64.0,61,60,58,2.2783,2.4545,2.3033,1,73.0,0
246,2007,83,81.0,84,82,81,88.0,87,86,73,1.6226,1.6091,1.7869,0,98.0,1
247,2007,66,65.0,61,65,51,48.0,71,67,53,2.1462,2.1909,2.5779,0,50.0,0
248,2007,54,53.0,57,52,59,53.0,62,70,52,2.6462,2.3455,2.4877,1,19.0,0
249,2007,69,75.0,78,87,83,88.0,89,90,85,1.5377,1.5591,1.6598,0,71.0,1
250,2007,83,84.0,91,99,99,99.0,91,92,95,1.3915,1.4,1.2623,0,95.0,1
251,2007,63,57.0,61,62,55,57.0,61,61,53,2.3679,2.4636,2.5041,0,67.0,0
252,2007,55,56.0,64,53,54,56.0,72,60,50,2.5377,2.5864,2.5328,1,31.0,0
253,2007,70,76.0,79,85,86,93.0,86,87,86,1.5708,1.5364,1.4877,1,79.0,1
254,2007,63,60.0,73,79,65,73.0,76,63,62,2.0142,2.4,2.2582,0,75.0,1
255,2007,74,81.0,85,79,78,85.0,88,85,87,1.6038,1.6409,1.582,1,81.0,1
256,2007,87,85.0,89,85,73,78.0,89,86,82,1.3868,1.55,1.6434,0,91.0,1
257,2007,58,62.0,62,76,70,79.0,73,71,71,2.0613,2.1364,2.0902,1,43.0,0
258,2007,62,65.0,71,68,64,74.0,74,67,67,2.0425,2.1591,2.0615,0,35.0,0
259,2007,82,84.0,84,80,76,77.0,89,84,74,1.5613,1.6591,1.791,1,89.0,1
260,2007,65,71.0,74,76,81,87.0,79,80,78,1.8632,1.8045,1.8115,1,57.0,1
261,2007,57,55.0,60,59,56,58.0,59,60,58,2.4858,2.4318,2.5164,1,33.0,0
262,2007,85,87.0,86,90,89,91.0,94,91,88,1.2877,1.3045,1.3197,1,73.0,1
263,2007,73,76.0,70,64,64,59.0,73,72,63,1.9623,2.0091,2.1844,1,57.0,1
264,2007,76,82.0,84,77,69,71.0,88,84,73,1.6509,1.6045,1.7623,1,75.0,1
265,2007,64,68.0,69,64,56,60.0,69,71,57,2.2217,2.1682,2.2459,1,71.0,1
266,2007,69,68.0,71,86,92,84.0,83,82,76,1.7925,1.7818,2.0492,1,66.0,1
267,2007,70,77.0,79,81,85,87.0,82,87,85,1.783,1.6045,1.6967,0,60.0,1
268,2007,78,76.0,83,72,68,72.0,83,81,74,1.6651,1.6955,1.8279,0,48.0,1
269,2007,64,60.0,58,60,57,54.0,73,65,56,2.2972,2.4955,2.6189,0,91.0,0
270,2007,72,76.0,78,68,70,77.0,74,81,73,1.9198,1.8136,2.0164,1,71.0,1
271,2007,85,89.0,90,91,92,98.0,93,93,89,1.3255,1.2455,1.3443,0,95.0,1
272,2007,57,65.0,73,72,71,82.0,78,75,80,2.0755,2.0818,1.7951,1,62.0,1
273,2007,66,62.0,60,75,63,61.0,73,66,64,1.9906,2.2636,2.4344,0,81.0,0
274,2007,67,70.0,73,79,81,84.0,80,75,76,1.8349,1.8409,1.8566,1,75.0,1
275,2007,53,56.0,61,63,50,55.0,62,56,54,2.4717,2.7318,2.5205,0,69.0,0
276,2007,59,62.0,69,67,64,77.0,70,71,65,2.2642,2.1636,2.1926,1,65.0,0
277,2007,51,53.0,61,57,48,51.0,61,54,50,2.5236,2.8045,2.5943,1,40.0,0
278,2007,51,52.0,51,69,53,55.0,67,52,45,2.533,2.9,3.0738,0,81.0,0
279,2007,51,53.0,54,50,52,52.0,57,51,50,2.7028,2.7636,2.6598,1,25.0,0
280,2007,86,86.0,86,85,83,92.0,94,91,87,1.3302,1.3591,1.4057,1,57.0,1
281,2007,85,89.0,86,83,79,79.0,94,93,80,1.4057,1.3455,1.6516,1,65.0,1
282,2007,74,75.0,75,72,59,73.0,75,75,72,1.8821,2.0182,1.9959,1,61.0,1
283,2007,61,71.0,60,64,64,57.0,67,84,60,2.2123,1.95,2.4262,0,67.0,0
284,2007,70,77.0,75,93,92,90.0,90,88,79,1.467,1.4682,1.6967,1,77.0,1
285,2007,58,55.0,53,59,54,51.0,58,60,52,2.5094,2.5545,2.7131,0,35.0,0
286,2007,71,79.0,79,87,82,76.0,89,80,72,1.8113,1.7636,2.0164,0,77.0,1
287,2007,51,61.0,63,49,52,42.0,61,63,52,2.5613,2.4636,2.6926,1,17.0,0
288,2007,73,80.0,85,78,80,90.0,91,89,91,1.6321,1.5318,1.4303,1,65.0,1
289,2007,50,54.0,60,86,92,89.0,76,72,66,2.1415,2.0864,2.2869,1,57.0,0
290,2007,63,66.0,66,58,70,65.0,76,70,59,2.3019,2.1045,2.2705,1,43.0,1
291,2007,69,69.0,70,63,60,66.0,71,68,54,2.1651,2.1455,2.2131,1,60.0,1
292,2007,80,83.0,83,82,84,90.0,89,90,88,1.4245,1.4682,1.4549,0,62.0,1
293,2007,50,56.0,61,62,56,61.0,69,59,53,2.3774,2.5227,2.4467,1,33.0,0
294,2007,61,70.0,75,88,94,96.0,81,89,83,1.8679,1.6636,1.6352,1,45.0,1
295,2007,62,63.0,66,54,59,55.0,60,65,55,2.4434,2.3364,2.3934,1,31.0,0
296,2007,70,68.0,78,64,68,68.0,67,71,61,2.2925,2.2227,2.2131,1,79.0,1
297,2007,59,60.0,63,48,46,51.0,70,54,51,2.6745,2.7818,2.5656,0,81.0,0
298,2007,71,67.0,75,90,80,84.0,92,82,68,1.6085,1.8727,1.9303,0,81.0,1
299,2007,58,53.0,60,65,61,56.0,63,63,55,2.4575,2.4455,2.5738,0,67.0,0
300,2007,54,59.0,68,77,66,71.0,75,69,64,2.1934,2.2773,2.2418,0,60.0,0
301,2007,64,67.0,67,64,70,81.0,74,83,64,2.2075,2.0227,2.1393,1,43.0,0
302,2007,65,70.0,75,62,60,65.0,72,70,67,2.1698,2.1636,2.123,1,68.0,1
303,2007,71,72.0,72,81,80,81.0,76,79,78,1.9434,1.8318,2.1148,0,94.0,1
304,2007,50,47.0,50,48,48,44.0,53,52,46,2.7925,3.2818,3.0697,0,48.0,0
305,2007,64,68.0,62,75,62,65.0,77,68,60,2.1085,2.2273,2.2992,1,71.0,1
306,2007,78,80.0,83,83,81,81.0,86,86,83,1.6085,1.5091,1.6107,0,91.0,1
307,2007,70,77.0,75,91,96,89.0,85,84,77,1.6745,1.6045,1.9385,0,93.0,1
308,2007,79,83.0,79,78,84,83.0,84,92,83,1.5425,1.5227,1.623,0,65.0,1
309,2007,52,55.0,65,64,56,63.0,67,64,60,2.4292,2.5318,2.4713,0,55.0,0
310,2007,68,70.0,71,88,83,85.0,89,80,71,1.8679,2.0182,2.1107,0,90.0,1
311,2007,62,64.0,72,66,59,55.0,77,67,58,2.0943,1818.0,2.3443,1,45.0,0
312,2007,62,56.0,54,66,55,55.0,63,56,50,2.3679,2.6182,2.6844,1,65.0,0
313,2007,55,60.0,65,58,56,54.0,71,65,58,2.3066,2.3955,2.4303,1,25.0,0
314,2007,47,53.0,64,72,59,55.0,71,61,56,2.3208,2.5182,2.459,0,62.0,0
315,2007,66,73.0,74,71,83,78.0,76,79,71,2.0094,1.7364,1.8689,0,71.0,1
316,2007,59,69.0,69,67,64,72.0,73,75,64,2.0896,2.0682,2.1885,1,36.0,0
317,2007,81,88.0,86,88,88,81.0,87,85,78,1.4953,1.4818,1.668,0,89.0,1
318,2007,69,80.0,77,86,85,85.0,85,87,82,1.6132,1.5227,1.7254,0,71.0,1
319,2007,54,56.0,64,55,58,62.0,62,0,60,2.4811,2.4409,2.291,0,60.0,0
320,2007,63,59.0,65,60,53,59.0,62,56,51,2.4057,2.6682,2.3934,0,62.0,0
321,2007,70,70.0,73,92,90,93.0,84,81,80,1.684,1.6364,1.8238,1,65.0,1
322,2007,69,71.0,74,63,68,67.0,76,74,70,2.0189,1.9409,1.9795,0,60.0,1
323,2007,77,78.0,79,76,83,93.0,78,84,77,1.8208,1.6682,1.7664,1,75.0,1
324,2007,54,64.0,62,58,53,52.0,75,57,52,2.566,2.6545,2.6066,1,35.0,0
325,2007,86,87.0,87,83,91,90.0,94,94,91,1.3679,1.2818,1.3484,1,84.0,1
326,2008,70,77.0,87,85,80,86.0,73,90,88,1.9858,1.6909,1.5902,0,96.0,1
327,2008,63,68.0,75,80,70,71.0,68,62,56,2.184,2.2045,2.1189,1,84.0,0
328,2008,46,49.0,52,53,47,50.0,52,41,45,2.8491,2.8091,2.7459,0,38.0,0
329,2008,61,64.0,69,64,56,55.0,61,63,54,2.5094,2.5,2.4877,0,23.0,0
330,2008,66,66.0,63,80,66,60.0,72,75,61,2.1934,2.1727,2.3893,0,62.0,0
331,2008,65,72.0,71,73,66,56.0,70,69,56,2.2264,2.2364,2.3033,1,86.0,0
332,2008,65,66.0,68,89,82,85.0,75,75,75,1.9292,2.0364,1.9098,1,83.0,1
333,2008,73,74.0,73,75,68,67.0,73,77,72,2.1226,2.0182,2.0656,0,88.0,0
334,2008,52,56.0,64,53,60,64.0,57,62,59,2.6887,2.4864,2.1844,0,43.0,0
335,2008,68,74.0,76,75,66,62.0,70,70,70,2.0236,2.1636,2.0738,1,67.0,0
336,2008,62,64.0,69,77,72,78.0,69,76,76,2.2217,2.0591,1.8852,1,71.0,0
337,2008,76,89.0,87,77,83,74.0,83,95,77,1.816,1.4909,1.668,0,95.0,1
338,2008,76,76.0,82,77,65,70.0,58,72,72,2.1981,2.1,1.877,1,69.0,1
339,2008,72,62.0,68,79,65,67.0,76,73,70,2.1085,2.2273,2.2828,0,88.0,1
340,2008,72,70.0,68,86,83,86.0,70,83,75,2.0283,1.9318,1.9713,0,69.0,1
341,2008,58,53.0,68,83,70,68.0,66,59,79,2.3868,2.6545,2.2459,0,88.0,0
342,2008,71,77.0,74,83,81,78.0,82,84,78,1.8538,1.7545,1.8648,0,77.0,0
343,2008,48,54.0,63,43,53,60.0,52,56,55,2.8443,2.7364,2.4795,1,43.0,0
344,2008,73,77.0,75,82,84,84.0,83,88,80,1.7594,1.7136,1.7377,0,69.0,0
345,2008,72,78.0,82,89,73,83.0,80,88,82,1.8349,1.7591,1.6844,0,86.0,1
346,2008,68,61.0,72,72,72,63.0,77,78,67,2.0519,2.1909,2.1803,0,48.0,0
347,2008,82,85.0,85,79,74,72.0,84,86,72,1.6557,1.7,1.832,0,77.0,1
348,2008,76,85.0,81,87,85,95.0,83,97,94,1.7358,1.4682,1.4057,1,77.0,1
349,2008,76,73.0,75,85,80,72.0,79,82,72,1.8443,1.9455,1.9467,0,71.0,1
350,2008,92,95.0,95,94,87,89.0,92,95,95,1.5236,1.35,1.3361,0,81.0,1
351,2008,75,75.0,76,84,79,85.0,79,74,81,1.8538,1.9364,1.75,1,75.0,0
352,2008,53,58.0,62,54,62,60.0,67,68,52,2.5896,2.3455,2.4631,1,21.0,0
353,2008,76,83.0,86,88,87,94.0,86,95,93,1.5425,1.4909,1.3893,0,81.0,1
354,2008,79,78.0,85,84,84,82.0,85,87,85,1.7406,1.6409,1.6557,0,75.0,1
355,2008,54,52.0,65,40,44,54.0,58,49,60,2.7689,2.8364,2.5123,1,71.0,0
356,2008,78,83.0,87,92,88,85.0,83,84,86,1.6509,1.6864,1.5697,0,93.0,1
357,2008,84,90.0,88,87,88,88.0,89,96,91,1.4906,1.2818,1.377,1,88.0,1
358,2008,74,78.0,75,78,77,75.0,79,85,74,1.8821,1.7773,1.8607,0,89.0,1
359,2008,69,68.0,70,61,65,60.0,71,75,65,2.2547,2.0636,2.0943,1,52.0,0
360,2008,61,60.0,60,77,70,68.0,66,77,70,2.3066,2.2591,2.3566,1,69.0,0
361,2008,54,61.0,63,50,70,55.0,56,59,52,2.6981,2.5636,2.5697,0,31.0,0
362,2008,58,55.0,59,53,65,60.0,65,61,63,2.5472,2.5727,2.291,0,48.0,0
363,2008,58,58.0,71,69,61,57.0,60,56,64,2.5283,2.6182,2.459,1,84.0,0
364,2008,84,90.0,89,98,93,94.0,92,99,97,1.3443,1.2636,1.2664,1,81.0,1
365,2008,79,83.0,82,83,77,82.0,88,84,82,1.7217,1.7773,1.7172,0,90.0,1
366,2008,57,51.0,65,76,62,62.0,63,55,70,2.3726,2.5727,2.2795,1,75.0,0
367,2008,75,73.0,71,78,71,58.0,78,76,64,1.9811,2.05,2.1557,0,84.0,1
368,2008,80,67.0,83,87,85,87.0,80,85,89,1.5849,1.8864,1.5615,0,84.0,1
369,2008,89,92.0,93,83,80,83.0,87,96,79,1.5896,1.3409,1.5615,0,94.0,1
370,2008,72,70.0,63,88,85,73.0,78,86,75,1.9104,1.8,2.1721,1,60.0,0
371,2008,55,58.0,55,64,55,55.0,57,59,54,2.6226,2.6545,2.6434,0,40.0,0
372,2008,68,73.0,70,83,80,76.0,77,84,69,1.9057,1.7955,2.0205,1,40.0,0
373,2008,69,71.0,64,89,87,81.0,81,86,81,1.8585,1.8727,2.0615,0,77.0,0
374,2008,73,73.0,80,77,82,88.0,83,85,80,1.75,1.8818,1.7213,0,84.0,1
375,2008,53,54.0,61,51,59,50.0,61,64,52,2.6557,2.5273,2.5779,0,52.0,0
376,2008,63,64.0,76,54,67,58.0,68,65,63,2.3538,2.3091,2.1639,0,40.0,0
377,2008,89,87.0,89,88,78,81.0,91,94,88,1.4009,1.5182,1.4713,0,97.0,1
378,2008,88,95.0,89,86,85,89.0,88,95,92,1.533,1.4591,1.3443,0,71.0,1
379,2008,77,84.0,83,89,84,81.0,85,89,79,1.7123,1.5864,1.6803,1,95.0,1
380,2008,51,51.0,65,50,50,50.0,57,51,50,2.7979,2.7818,2.6189,1,12.0,0
381,2008,65,65.0,73,69,70,60.0,73,70,56,2.2123,2.2773,2.3033,1,62.0,0
382,2008,72,72.0,73,74,69,69.0,77,78,70,1.9717,2.0227,1.9918,0,55.0,0
383,2008,67,65.0,78,70,71,74.0,72,76,71,2.2075,2.1364,2.0287,1,65.0,1
384,2008,80,82.0,82,85,81,89.0,82,80,81,1.7028,1.7409,1.6557,0,87.0,1
385,2008,83,88.0,88,85,90,92.0,87,96,95,1.6274,1.4091,1.3811,0,79.0,1
386,2008,76,78.0,76,85,79,76.0,86,89,80,1.6557,1.7227,1.8689,1,89.0,1
387,2008,73,79.0,82,83,80,81.0,81,92,86,1.8349,1.5864,1.6967,0,75.0,1
388,2008,55,53.0,60,42,45,47.0,53,48,42,2.8821,2.8273,2.6762,0,23.0,0
389,2008,82,91.0,91,95,96,97.0,92,98,95,1.4104,1.2909,1.2951,1,97.0,1
390,2008,59,72.0,73,86,85,78.0,84,75,77,2.066,1.9955,1.9836,0,96.0,1
391,2008,79,87.0,82,90,90,90.0,91,94,93,1.5236,1.3227,1.4303,1,81.0,1
392,2008,57,57.0,62,74,74,70.0,68,67,75,2.2406,2.3727,2.1803,0,57.0,0
393,2008,57,70.0,63,55,59,56.0,69,75,59,2.5802,2.1909,2.4057,1,73.0,0
394,2008,79,81.0,77,84,86,79.0,81,79,74,1.7264,1.8136,1.9221,1,91.0,1
395,2008,64,70.0,72,78,76,75.0,80,81,75,1.9953,1.8864,1.959,0,79.0,0
396,2008,53,53.0,51,52,65,53.0,59,57,53,2.7217,2.5818,2.7131,1,33.0,0
397,2008,81,82.0,87,88,82,80.0,81,89,88,1.6132,1.6909,1.5861,1,94.0,1
398,2008,68,69.0,70,81,70,76.0,76,76,71,2.0472,2.0909,2.1025,1,86.0,1
399,2008,51,54.0,71,45,49,62.0,58,53,59,2.7783,2.8,2.3811,1,71.0,0
400,2008,54,54.0,51,67,70,51.0,59,76,59,2.6038,2.3636,2.4549,1,31.0,0
401,2008,64,59.0,78,71,75,75.0,70,74,73,2.2028,2.0,2.0287,1,89.0,1
402,2008,83,82.0,81,89,79,73.0,91,85,77,1.5377,1.6818,1.8156,0,86.0,1
403,2008,56,60.0,56,62,53,50.0,55,50,49,2.6792,2.7136,2.6516,0,57.0,0
404,2008,51,55.0,53,50,60,46.0,60,55,51,2.7736,2.7136,2.6352,0,62.0,0
405,2008,81,82.0,77,92,88,89.0,85,89,88,1.6509,1.5591,1.7541,1,93.0,1
406,2008,60,65.0,72,66,66,63.0,64,65,66,2.467,2.3455,2.2582,1,77.0,0
407,2008,67,75.0,74,94,93,92.0,78,89,87,1.8774,1.5864,1.6352,0,69.0,1
408,2008,56,50.0,55,62,46,54.0,57,54,51,2.6745,2.9182,2.668,1,71.0,0
409,2008,54,56.0,59,58,67,61.0,63,67,61,2.6368,2.3909,2.3443,0,43.0,0
410,2008,71,74.0,84,90,89,93.0,85,85,85,1.8349,1.7818,1.6066,1,94.0,0
411,2008,62,71.0,77,71,77,81.0,74,78,78,2.1698,1.9773,1.8607,1,52.0,1
412,2008,65,64.0,64,79,69,64.0,66,67,64,2.2028,2.2818,2.4139,1,52.0,0
413,2009,83,90.0,83,88,80,73.0,84,90,78,1.6321,1.532,1.819,0,96.0,1
414,2009,69,70.0,70,90,87,79.0,72,86,67,1.967,1.8091,2.0861,0,79.0,0
415,2009,70,65.0,78,87,73,70.0,80,81,70,1.816,1.9955,1.918,1,77.0,1
416,2009,62,57.0,67,82,73,76.0,67,81,60,2.2123,2.2545,2.3484,0,81.0,0
417,2009,69,73.0,76,88,85,88.0,80,88,83,1.7689,1.7773,1.5697,0,94.0,1
418,2009,55,64.0,60,55,61,57.0,68,71,54,2.3679,2.4909,2.5369,1,71.0,0
419,2009,71,62.0,68,62,65,59.0,79,77,65,1.9811,2.0636,2.1762,0,62.0,0
420,2009,77,77.0,81,86,88,82.0,86,88,81,1.5755,1.5318,1.6311,0,75.0,1
421,2009,66,74.0,68,90,79,82.0,72,86,74,1.9906,1.8318,1.9139,1,88.0,1
422,2009,58,57.0,70,58,62,60.0,65,69,61,2.5047,2.4273,2.4057,0,81.0,0
423,2009,82,86.0,85,94,92,88.0,88,95,86,1.3916,1.3636,1.5205,0,86.0,1
424,2009,71,62.0,75,66,65,61.0,70,73,64,2.1934,2.2409,2.123,0,93.0,0
425,2009,77,79.0,81,59,69,63.0,70,84,68,2.0991,1.85,1.959,1,52.0,0
426,2009,76,73.0,78,98,98,99.0,88,99,95,1.5283,1.4773,1.5073,0,73.0,1
427,2009,86,92.0,89,90,88,87.0,88,95,91,1.4906,1.4091,1.4221,0,79.0,1
428,2009,55,50.0,59,69,58,65.0,63,60,61,2.467,2.6727,2.5533,0,48.0,0
429,2009,79,85.0,84,73,81,82.0,82,88,77,1.8915,1.7363,1.8689,0,87.0,1
430,2009,76,85.0,83,86,91,89.0,83,94,83,1.6462,1.4864,1.6557,0,77.0,1
431,2009,53,55.0,65,58,64,65.0,66,80,70,2.5047,2.2727,2.2295,1,23.0,0
432,2009,55,65.0,63,48,58,57.0,54,67,62,2.8113,2.3909,2.291,1,13.0,0
433,2009,58,52.0,65,54,57,63.0,60,63,60,2.533,2.55,2.3074,1,12.0,0
434,2009,59,63.0,62,78,70,73.0,71,62,65,2.25,2.3727,2.2418,0,69.0,0
435,2009,77,73.0,79,85,80,71.0,73,88,78,1.8113,1.7727,1.8893,1,55.0,1
436,2009,83,84.0,87,86,87,84.0,86,91,87,1.4671,1.4045,1.4918,1,86.0,1
437,2009,79,79.0,84,78,81,81.0,78,94,79,1.8491,1.5636,1.75,0,90.0,1
438,2009,77,82.0,85,57,57,50.0,63,73,56,2.2123,2.0727,2.2008,1,94.0,1
439,2009,67,73.0,69,70,70,63.0,73,82,67,2.1556,2.0318,2.1803,0,69.0,0
440,2009,61,59.0,68,50,60,58.0,57,62,61,2.6745,2.5864,2.3934,1,60.0,0
441,2009,72,73.0,70,84,78,73.0,75,80,68,1.9575,2.0591,2.1025,0,88.0,0
442,2009,79,83.0,80,89,88,84.0,85,86,79,1.7217,1.6455,1.6807,0,94.0,0
443,2009,64,63.0,72,75,69,62.0,75,85,78,1.39764,1.90145,2.0123,1,65.0,0
444,2009,66,63.0,67,68,69,68.0,71,79,67,2.1934,2.0955,2.2828,0,71.0,0
445,2009,77,74.0,76,77,78,72.0,72,80,77,1.9339,1.8409,1.9344,0,75.0,0
446,2009,60,71.0,74,90,90,90.0,69,75,73,2.1274,1.9864,1.9795,1,75.0,1
447,2009,65,67.0,75,59,58,57.0,74,77,68,2.1038,2.0727,2.0246,1,71.0,0
448,2009,69,75.0,78,75,69,77.0,71,75,75,2.1415,2.0682,2.0205,0,91.0,1
449,2009,50,47.0,64,53,53,54.0,53,61,62,2.7736,2.5955,2.418,0,67.0,0
450,2009,76,76.0,89,75,77,84.0,77,88,80,1.9198,1.7409,1.627,1,89.0,1
451,2009,80,85.0,90,85,85,85.0,82,94,89,1.6887,1.5436,1.5041,0,86.0,1
452,2009,66,69.0,67,69,69,50.0,73,77,56,2.0613,2.1045,1.8648,0,43.0,0
453,2009,59,55.0,69,58,54,56.0,62,74,68,2.5188,2.4182,2.3484,1,33.0,0
454,2009,69,71.0,78,65,72,68.0,71,76,68,2.2028,2.1227,2.0984,1,65.0,0
455,2009,78,75.0,82,73,81,78.0,72,81,76,1.9858,1.7727,1.832,1,83.0,1
456,2009,67,65.0,71,69,68,68.0,74,89,71,2.0802,1.9318,2.0738,0,50.0,0
457,2009,57,62.0,62,63,64,57.0,66,73,59,2.3302,2.223,2.3525,1,77.0,0
458,2009,76,71.0,78,73,63,63.0,71,76,68,1.9481,2.0455,2.0615,0,67.0,1
459,2009,58,65.0,69,45,52,57.0,62,65,66,2.5236,2.4818,2.2869,0,69.0,0
460,2009,61,70.0,71,64,62,64.0,64,73,66,2.3962,2.2273,2.2541,0,60.0,0
461,2009,71,70.0,77,62,66,57.0,72,79,63,2.1509,2.0727,2.25,0,69.0,0
462,2009,66,73.0,74,68,74,79.0,67,85,76,2.2311,2.0182,1.9549,0,67.0,0
463,2009,55,58.0,50,51,61,57.0,58,61,54,2.7028,2.5682,2.5328,1,73.0,0
464,2009,56,74.0,66,60,51,66.0,68,75,65,2.4717,2.2591,2.3811,0,69.0,0
465,2009,85,88.0,80,89,87,81.0,83,90,68,1.5943,1.55,1.9467,0,87.0,1
466,2009,68,57.0,66,63,57,50.0,71,79,52,2.1557,2.3818,2.4344,0,86.0,0
467,2009,51,49.0,55,54,55,50.0,53,58,55,2.7311,2.6909,2.7049,1,35.0,0
468,2009,63,71.0,62,76,66,66.0,71,75,67,2.1794,2.1818,2.3361,0,60.0,0
469,2009,75,81.0,76,84,85,69.0,78,85,72,1.8726,1.8091,2.0902,0,60.0,0
470,2009,66,73.0,82,70,74,69.0,76,86,79,1.9906,1.8273,1.918,0,73.0,0
471,2009,86,79.0,85,91,84,89.0,87,90,84,1.4387,1.6545,1.7664,1,60.0,1
472,2009,54,55.0,54,52,59,50.0,58,65,53,2.7311,2.6091,2.668,1,67.0,0
473,2009,78,79.0,86,86,90,91.0,84,92,86,1.6415,1.55,1.4877,0,92.0,1
474,2009,79,86.0,87,80,81,78.0,81,91,84,1.7075,1.5409,1.6189,0,48.0,1
475,2009,61,60.0,70,60,72,77.0,59,75,74,2.5896,2.2273,2.0369,1,83.0,0
476,2009,78,82.0,83,89,81,70.0,84,95,81,1.6792,1.5864,1.7459,1,83.0,1
477,2009,68,72.0,74,72,77,63.0,71,80,66,2.0519,1.9773,2.1311,0,38.0,1
478,2009,68,60.0,64,60,61,65.0,69,70,65,2.2123,2.2636,2.1721,0,62.0,0
479,2009,70,70.0,82,75,83,86.0,72,87,81,2.0566,1.9045,1.7992,0,65.0,0
480,2009,61,67.0,56,71,75,66.0,65,77,61,2.3019,2.0591,2.3361,1,50.0,0
481,2009,67,81.0,80,64,59,68.0,73,78,72,2.0802,1.9272,1.9262,1,83.0,1
482,2009,90,95.0,91,96,94,94.0,86,97,91,1.3538,1.2591,1.3361,1,99.0,1
483,2009,62,67.0,69,68,67,63.0,67,75,64,2.1745,2.1545,2.1885,0,75.0,0
484,2009,80,85.0,81,84,92,84.0,84,95,88,1.6321,1.3999,1.5943,0,65.0,1
485,2009,77,79.0,87,79,75,73.0,78,90,81,1.7642,1.6364,1.6926,0,55.0,0
486,2009,66,71.0,78,84,89,94.0,74,96,87,1.967,1.5636,1.6803,1,67.0,0
487,2009,55,50.0,59,48,51,54.0,61,58,58,2.6462,2.6318,2.5574,1,50.0,0
488,2009,59,62.0,65,68,72,74.0,70,85,72,2.1651,2.0409,2.0861,1,33.0,0
489,2009,73,78.0,82,75,73,74.0,72,88,86,2.033,1.8364,1.6721,0,79.0,1
490,2009,74,80.0,78,91,95,91.0,83,96,84,1.5566,1.3636,1.6066,0,86.0,1
491,2009,48,56.0,48,47,54,53.0,59,59,54,2.684,2.6636,2.7336,1,33.0,0
492,2009,81,86.0,87,81,91,91.0,82,84,89,1.7217,1.6636,1.5738,1,86.0,1
493,2009,84,91.0,92,88,85,90.0,88,99,91,1.4292,1.3364,1.3402,0,88.0,1
494,2009,78,85.0,86,94,89,80.0,90,92,87,1.5943,1.4636,1.6472,1,93.0,1
495,2009,52,48.0,61,51,62,57.0,57,56,52,2.7028,2.7045,2.5738,1,52.0,0
496,2009,81,85.0,81,82,81,71.0,74,85,74,1.8349,1.741,1.8811,1,91.0,1
497,2009,62,55.0,73,62,56,55.0,64,68,58,2.2925,2.4227,2.377,1,48.0,0
498,2009,66,74.0,77,74,83,82.0,76,85,82,2.0047,1.7727,1.7951,1,60.0,1
499,2009,54,60.0,61,68,61,63.0,71,75,51,2.4717,2.4364,2.5082,0,88.0,0
500,2009,77,79.0,76,83,77,70.0,78,84,76,1.783,1.8227,2.0123,0,60.0,0
501,2009,73,69.0,71,95,87,87.0,80,88,73,1.7783,1.8409,2.0902,0,81.0,1
502,2009,77,81.0,81,86,88,84.0,76,89,81,1.8255,1.7273,1.8156,0,92.0,1
503,2009,57,60.0,68,59,62,61.0,63,68,64,2.3632,2.25,2.2623,1,50.0,0
504,2009,78,85.0,83,89,90,82.0,81,92,83,1.7594,1.6227,1.7869,0,83.0,1
505,2009,81,85.0,87,94,85,88.0,77,91,84,1.6415,1.551,1.5205,0,92.0,1
506,2009,51,63.0,55,50,71,67.0,58,77,65,2.6887,2.2364,2.3566,1,17.0,0
507,2009,82,87.0,90,94,92,92.0,93,99,93,1.3821,1.2682,1.3525,0,77.0,1
508,2009,80,84.0,80,72,70,58.0,78,87,70,1.7783,1.691,1.9877,1,55.0,1
509,2009,86,89.0,90,85,84,84.0,91,97,80,1.4198,1.3182,1.5574,0,81.0,1
510,2009,59,55.0,57,58,64,52.0,67,66,58,2.3868,2.4364,2.5082,0,60.0,0
511,2009,62,50.0,55,69,63,52.0,68,63,53,2.1509,2.4545,2.582,0,81.0,0
512,2009,55,71.0,58,65,61,53.0,67,75,54,2.3505,2.2455,2.4631,0,93.0,0
513,2009,53,59.0,55,53,54,60.0,64,54,54,2.6415,2.7364,2.8115,0,19.0,0
514,2009,52,61.0,63,50,52,53.0,64,68,56,2.6132,2.4409,2.1066,1,48.0,0
515,2010,63,58.0,60,51,57,56.0,58,60,65,2.5,2.4958,2.5125,1,40.0,0
516,2010,78,80.0,70,72,69,75.0,80,72,72,1.82,1.9213,2.075,1,79.0,1
517,2010,73,73.0,71,88,83,91.0,80,83,91,1.74,1.8,1.6333,0,69.0,1
518,2010,69,67.0,66,62,66,58.0,69,66,67,2.16,2.2417,2.2958,0,60.0,0
519,2010,71,71.0,61,57,62,59.0,70,70,67,2.18,2.2,2.3708,1,57.0,0
520,2010,81,74.0,81,83,76,81.0,78,85,78,1.7788,1.8708,2.0625,0,48.0,0
521,2010,71,63.0,55,81,70,81.0,73,66,72,2.1,2.2792,2.3202,0,81.0,0
522,2010,73,78.0,77,89,90,91.0,79,86,88,1.88,1.6542,1.6958,1,89.0,1
523,2010,73,75.0,73,70,63,66.0,68,63,68,2.01,2.1375,2.1792,0,55.0,1
524,2010,73,75.0,73,70,63,66.0,68,63,68,2.01,2.1375,2.1792,1,69.0,0
525,2010,79,81.0,90,81,76,81.0,81,83,85,1.73,1.7708,1.7083,0,65.0,1
526,2010,62,76.0,74,70,66,73.0,62,67,66,2.28,2.2705,2.2417,1,91.0,0
527,2010,78,80.0,81,59,68,68.0,67,68,72,2.32,2.1,2.1667,0,91.0,0
528,2010,77,72.0,73,56,64,66.0,67,60,68,2.31,2.3375,2.3208,0,71.0,0
529,2010,80,74.0,73,89,87,82.0,89,85,82,1.56,1.7542,1.9125,1,84.0,1
530,2010,75,72.0,79,78,68,73.0,71,64,70,1.93,2.0875,2.0833,1,73.0,1
531,2010,69,64.0,66,79,75,84.0,78,84,87,2.0,2.0,1.975,0,75.0,0
532,2010,72,78.0,79,68,67,70.0,76,79,76,0.98,1.9375,1.9458,1,55.0,0
533,2010,83,80.0,76,80,77,78.0,85,76,81,1.7,1.8708,1.8375,0,55.0,1
534,2010,74,73.0,62,74,51,63.0,76,71,53,1.98,2.1333,,1,43.0,0
535,2010,59,59.0,63,60,57,51.0,65,56,58,2.46,2.4167,2.5792,1,65.0,0
536,2010,74,78.0,77,68,67,75.0,77,75,77,1.89,1.9958,1.8292,1,65.0,1
537,2010,53,57.0,62,56,55,62.0,55,53,61,2.62,2.6792,2.55,1,33.0,0
538,2010,62,65.0,69,94,96,94.0,72,69,84,2.07,1.9958,1.8083,0,81.0,1
539,2010,68,75.0,75,74,70,71.0,74,70,71,2.16,2.1792,2.0789,1,35.0,0
540,2010,82,81.0,91,82,78,81.0,84,89,88,1.61,1.5583,1.5125,1,55.0,1
541,2010,72,70.0,79,84,82,89.0,80,81,90,1.96,1.8708,1.6833,1,92.0,1
542,2010,80,72.0,72,69,63,71.0,80,80,76,1.83,1.9917,2.0583,1,62.0,0
543,2010,88,88.0,84,87,79,81.0,84,81,81,1.57,1.7292,1.675,1,98.0,1
544,2010,66,74.0,64,56,66,53.0,69,67,62,2.29,2.2083,2.5208,0,21.0,0
545,2010,88,97.0,88,96,98,98.0,96,99,99,1.21,1.0792,1.2542,0,98.0,1
546,2010,64,59.0,58,64,60,62.0,59,61,63,2.5,2.5458,2.4708,0,71.0,0
547,2010,67,72.0,69,70,69,75.0,74,75,80,2.03,1.9398,1.8583,1,48.0,0
548,2010,63,64.0,67,69,54,60.0,61,61,62,2.46,2.5333,2.3542,0,73.0,0
549,2010,82,84.0,83,83,89,92.0,85,89,87,1.7,1.5792,1.575,1,95.0,1
550,2010,93,85.0,87,93,88,83.0,94,91,88,1.27,1.475,1.7333,0,83.0,0
551,2010,93,85.0,87,93,88,83.0,94,91,88,1.27,1.475,1.7333,0,89.0,1
552,2010,55,57.0,50,56,57,54.0,58,61,55,2.63,2.6542,2.6917,1,45.0,0
553,2010,84,82.0,78,81,74,98.0,90,80,86,1.6,1.7833,1.5708,0,67.0,1
554,2010,81,92.0,86,88,88,85.0,86,92,87,1.57,1.3167,1.6292,0,91.0,1
555,2010,80,86.0,85,78,78,81.0,78,78,81,1.87,1.775,1.7708,1,48.0,1
556,2010,74,78.0,80,93,93,93.0,85,87,90,1.6176,1.6182,1.5533,0,79.0,1
557,2010,87,87.0,83,88,86,93.0,81,83,86,1.57,1.6208,1.7125,0,93.0,1
558,2010,60,63.0,50,59,56,56.0,59,60,57,2.5,2.5042,2.7458,0,33.0,0
559,2010,84,77.0,84,79,75,71.0,80,76,72,1.79,1.9292,2.0042,0,62.0,1
560,2010,73,62.0,61,68,63,62.0,71,65,74,2.06,2.2667,2.35,1,43.0,0
561,2010,73,65.0,79,61,57,58.0,64,72,71,2.29,2.1125,2.1917,0,69.0,1
562,2010,73,75.0,69,61,67,58.0,64,72,71,2.29,2.1125,2.1917,0,57.0,0
563,2010,81,81.0,79,87,81,85.0,84,87,83,1.65,1.6917,1.75,0,69.0,1
564,2010,87,83.0,88,94,95,96.0,80,77,84,1.63,1.7792,1.5417,1,84.0,1
565,2010,87,88.0,86,93,93,92.0,91,86,88,1.47,1.5417,1.5208,0,79.0,1
566,2010,85,76.0,84,76,66,70.0,73,67,70,1.92,2.1875,1.9417,1,75.0,1
567,2010,53,55.0,53,63,64,67.0,58,54,60,2.55,2.6625,2.575,1,40.0,0
568,2010,87,84.0,84,94,89,89.0,92,90,91,1.29,1.4417,1.5292,0,65.0,1
569,2010,72,72.0,67,67,67,70.0,71,75,71,2.16,2.1208,2.2833,0,52.0,0
570,2010,64,65.0,65,65,68,63.0,61,63,66,2.33,2.3292,2.3375,1,33.0,0
571,2010,81,86.0,83,82,80,80.0,85,90,79,1.67,1.5917,1.8,1,75.0,1
572,2010,70,59.0,56,64,53,50.0,68,54,58,2.2,2.45,2.475,0,65.0,0
573,2010,66,60.0,71,58,60,73.0,71,62,72,2.28,2.4125,2.2583,0,23.0,0
574,2010,78,76.0,81,80,76,78.0,90,84,86,1.66,1.7542,1.7917,0,67.0,1
575,2010,81,78.0,75,77,68,62.0,74,74,62,1.9,2.0708,2.2583,0,81.0,0
576,2010,61,67.0,65,60,54,58.0,69,72,71,2.24,2.1625,2.1583,0,35.0,0
577,2010,55,61.0,55,50,53,55.0,55,61,61,2.58,2.5542,2.6542,1,52.0,0
578,2010,78,84.0,78,79,79,84.0,84,88,91,1.74,1.6083,1.625,0,55.0,1
579,2010,83,92.0,91,72,70,81.0,79,80,81,1.81,1.6625,1.6667,1,62.0,1
580,2010,79,67.0,66,91,79,79.0,87,82,80,1.65,2.0,1.9833,1,43.0,0
581,2010,72,83.0,82,86,75,84.0,69,77,73,2.01,1.9583,1.9375,0,96.0,1
582,2010,73,63.0,65,56,59,53.0,74,65,61,2.08,2.1667,2.4625,0,45.0,0
583,2010,70,74.0,65,72,69,78.0,67,74,72,2.2115,2.1,2.2208,0,69.0,0
584,2010,58,54.0,70,51,51,75.0,54,54,72,2.73,2.775,2.075,1,29.0,0
585,2010,78,84.0,82,83,85,81.0,85,90,91,1.64,1.5041,1.4792,0,43.0,1
586,2010,59,56.0,54,63,50,62.0,60,50,52,2.434,2.6557,2.7167,1,55.0,0
587,2010,89,95.0,95,96,92,94.0,94,93,96,1.25,1.2292,1.2833,1,93.0,1
588,2010,66,71.0,60,68,62,68.0,66,67,61,2.37,2.3458,2.5542,0,60.0,0
589,2010,80,82.0,88,81,79,87.0,86,88,87,1.6,1.6042,1.5542,0,57.0,1
590,2010,70,65.0,71,60,67,61.0,74,69,70,2.0865,2.3105,2.3083,1,43.0,0
591,2010,63,72.0,64,61,61,66.0,67,71,72,2.34,2.2292,2.1792,1,60.0,0
592,2010,68,72.0,79,57,64,66.0,63,68,60,2.3654,2.2131,2.4125,1,62.0,0
593,2010,66,58.0,67,68,64,65.0,65,60,60,2.2,2.4667,2.525,0,62.0,0
594,2010,74,83.0,77,83,82,90.0,80,81,89,1.69,1.7125,1.5958,1,33.0,1
595,2010,70,73.0,73,77,81,88.0,71,81,76,2.05,1.8917,2.075,1,35.0,0
596,2010,69,57.0,52,66,66,69.0,61,63,66,2.36,2.4542,2.4708,1,62.0,0
597,2010,63,63.0,74,64,60,72.0,72,64,66,2.32,2.4,2.2542,1,43.0,0
598,2010,76,71.0,74,68,58,68.0,73,68,66,2.0577,2.1844,2.1375,0,65.0,0
599,2010,64,57.0,65,78,65,59.0,67,60,59,2.2788,2.4167,2.5792,0,62.0,0
600,2010,81,79.0,83,73,65,72.0,79,69,68,1.93,2.0167,1.9792,0,94.0,1
601,2010,67,76.0,77,69,63,72.0,66,75,69,2.16,2.0625,2.1417,0,50.0,0
602,2010,68,61.0,64,77,64,65.0,71,71,59,2.1,2.2625,2.4167,1,52.0,0
603,2010,78,79.0,85,90,89,88.0,85,88,91,1.69,1.6625,1.575,0,90.0,1
604,2010,54,54.0,54,55,61,51.0,63,55,55,2.71,2.3114,2.4416,1,48.0,0
605,2010,82,81.0,83,83,94,94.0,80,84,91,1.74,1.6557,1.6625,0,69.0,1
606,2010,74,65.0,75,56,51,51.0,70,61,57,2.1442,2.4333,2.3208,1,77.0,0
607,2010,71,80.0,67,88,88,89.0,78,87,85,1.7596,1.6208,1.975,0,69.0,0
608,2010,81,83.0,82,79,85,84.0,79,81,82,1.83,1.7333,1.7458,1,87.0,1
609,2010,65,68.0,75,88,77,83.0,70,75,77,1.99,2.0958,2.0458,0,77.0,0
610,2010,57,57.0,60,50,53,50.0,59,52,52,2.53,2.6333,2.7917,1,23.0,0
611,2010,90,86.0,87,93,96,89.0,93,97,94,1.29,1.2708,1.3417,0,79.0,1
612,2010,74,79.0,62,77,69,77.0,70,72,70,1.96,2.0833,2.2167,0,62.0,0
613,2010,88,87.0,93,94,93,93.0,94,92,95,1.32,1.3208,1.3625,1,77.0,1
614,2010,60,61.0,55,68,50,58.0,59,55,53,2.3942,2.575,2.6875,0,84.0,0
615,2010,67,68.0,64,50,52,52.0,54,56,51,2.7311,2.6107,2.5738,0,73.0,0
616,2010,83,83.0,88,98,97,95.0,94,92,97,1.33,1.3625,1.3333,1,91.0,1
617,2010,57,56.0,62,60,50,70.0,59,56,73,2.5192,2.6393,2.3333,0,65.0,0
618,2010,72,71.0,80,68,62,72.0,76,74,79,2.04,2.075,1.9417,1,50.0,0
619,2010,74,76.0,73,81,83,88.0,83,82,85,1.69,1.675,1.7042,1,73.0,1
620,2010,54,53.0,50,52,54,53.0,52,55,58,2.8148,2.9375,2.7167,0,11.0,0
621,2010,68,53.0,57,64,66,52.0,61,60,65,2.34,2.4298,2.5292,0,60.0,0
622,2010,53,53.0,50,54,56,52.0,59,62,57,2.69,2.6167,2.6583,0,13.0,0
623,2010,77,70.0,53,65,69,61.0,81,75,66,2.02,2.0375,2.5875,1,65.0,1
624,2010,71,70.0,53,71,72,61.0,71,72,66,2.08,2.0958,2.5875,1,71.0,0
625,2010,82,75.0,79,80,73,79.0,80,79,81,1.6538,1.9417,1.8583,0,77.0,1
626,2010,65,63.0,57,63,56,63.0,65,55,63,2.33,2.3833,2.3917,1,62.0,0
627,2010,50,59.0,74,51,58,57.0,54,60,69,2.63,2.4333,2.2333,1,23.0,0
628,2010,60,56.0,64,57,58,67.0,62,61,69,2.44,2.4583,2.2833,1,12.0,0
629,2010,83,79.0,92,89,84,94.0,89,80,93,1.56,1.725,1.375,1,75.0,1
630,2010,61,60.0,68,59,64,64.0,62,57,68,2.46,2.4667,2.3842,0,71.0,0
631,2010,86,79.0,89,94,96,98.0,88,78,91,1.53,1.7875,1.4708,1,93.0,1
632,2010,63,74.0,77,71,72,79.0,67,67,73,2.21,2.2042,2.05,1,69.0,1
633,2010,90,92.0,89,92,96,95.0,93,96,96,1.29,1.2208,1.3,0,86.0,1
634,2010,63,61.0,59,53,61,57.0,65,65,67,2.41,2.45,2.4333,1,17.0,0
635,2011,68,70.0,67,67,61,61.0,77,66,65,2.066,2.2371,2.3958,1,62.0,0
636,2011,83,91.0,81,75,77,74.0,84,77,80,1.75,1.7198,1.8875,0,86.0,1
637,2011,59,54.0,62,67,59,74.0,68,70,81,2.3113,2.4397,2.025,1,38.0,0
638,2011,73,61.0,63,61,48,54.0,80,63,60,2.1698,2.5172,2.6292,1,45.0,0
639,2011,64,76.0,67,75,80,81.0,70,75,74,2.1321,1.8879,2.0375,0,65.0,0
640,2011,69,66.0,69,55,52,66.0,66,61,58,2.4481,2.3966,2.3583,1,83.0,0
641,2011,76,78.0,76,81,76,72.0,83,80,77,1.7594,1.806,1.8625,1,50.0,1
642,2011,82,90.0,85,89,88,83.0,91,87,86,1.4764,1.4526,1.55,1,77.0,1
643,2011,59,59.0,57,51,44,60.0,62,56,65,2.6226,2.5259,2.4542,1,69.0,0
644,2011,54,55.0,56,63,58,65.0,66,63,69,2.4575,2.5431,2.3625,1,38.0,0
645,2011,90,86.0,83,91,87,83.0,92,89,86,1.3113,1.4741,1.5333,0,81.0,1
646,2011,85,77.0,81,89,85,89.0,79,73,82,1.816,1.9569,1.75,1,89.0,1
647,2011,60,61.0,49,55,47,51.0,63,55,59,2.5283,2.6897,2.85,1,50.0,0
648,2011,93,89.0,87,96,96,92.0,94,95,96,1.2594,1.3405,1.3,1,86.0,1
649,2011,83,81.0,73,89,90,82.0,84,82,86,1.5377,1.6652,1.8917,0,83.0,1
650,2011,60,66.0,52,67,65,63.0,70,66,66,2.3632,2.2284,2.4917,1,60.0,0
651,2011,84,76.0,81,84,84,83.0,83,80,88,1.717,1.7888,1.675,1,50.0,1
652,2011,62,65.0,61,58,54,67.0,70,59,66,2.2925,2.3362,2.3958,0,14.0,0
653,2011,80,81.0,80,85,86,85.0,83,85,93,1.6604,1.625,1.5917,1,50.0,1
654,2011,89,86.0,86,99,97,94.0,95,93,94,1.2736,1.2931,1.4167,0,83.0,1
655,2011,64,64.0,59,55,57,60.0,64,65,59,2.4434,2.3793,2.4625,1,55.0,0
656,2011,60,66.0,65,63,55,51.0,70,55,61,2.3443,2.5905,2.4959,1,45.0,0
657,2011,82,90.0,70,82,83,73.0,81,75,69,1.816,1.8276,2.1583,1,87.0,1
658,2011,76,81.0,71,84,86,79.0,83,79,79,1.7358,1.7414,1.9875,1,43.0,1
659,2011,85,90.0,84,94,96,95.0,93,91,92,1.4009,1.3448,1.4125,1,81.0,1
660,2011,85,90.0,77,90,87,82.0,82,83,86,1.6274,1.5991,1.7625,0,67.0,1
661,2011,80,82.0,73,78,71,62.0,82,70,72,1.7594,1.9741,2.125,0,69.0,1
662,2011,75,82.0,68,76,72,68.0,74,67,69,1.9292,1.944,2.1417,0,21.0,0
663,2011,61,71.0,60,77,87,76.0,73,69,66,2.1934,1.9957,2.2833,1,77.0,0
664,2011,73,67.0,65,84,83,77.0,81,68,70,1.8349,2.1293,2.225,0,52.0,1
665,2011,66,63.0,62,66,58,55.0,66,61,58,2.3585,2.3362,2.5542,0,65.0,0
666,2011,74,72.0,70,82,83,78.0,79,78,76,1.7972,1.8836,2.0583,0,31.0,0
667,2011,81,80.0,77,83,80,83.0,87,84,83,1.5283,1.6293,1.8042,0,40.0,0
668,2011,54,54.0,47,62,59,54.0,61,55,47,2.5896,2.481,2.9139,1,57.0,0
669,2011,80,83.0,74,79,70,70.0,84,72,67,1.7311,1.9569,2.0917,1,75.0,1
670,2011,89,94.0,84,91,85,82.0,93,89,82,1.3113,1.4612,1.6167,1,77.0,1
671,2011,73,80.0,81,73,72,67.0,73,69,77,2.1132,1.8664,1.9458,0,69.0,0
672,2011,67,65.0,64,62,53,64.0,73,67,70,2.2547,2.3448,2.4016,1,43.0,0
673,2011,78,76.0,73,81,75,74.0,81,72,77,1.6934,1.9095,1.9875,1,65.0,1
674,2011,74,71.0,70,81,75,76.0,78,75,75,1.7736,1.8574,1.9375,0,69.0,1
675,2011,73,75.0,71,77,75,71.0,79,85,80,1.9009,1.7112,1.925,1,50.0,0
676,2011,50,55.0,60,50,46,58.0,64,60,62,2.684,2.556,2.4042,1,99.0,0
677,2011,80,82.0,69,87,89,87.0,88,83,85,1.6179,1.7026,1.8417,1,69.0,1
678,2011,75,67.0,69,79,72,61.0,74,66,71,1.9457,2.2414,2.3,0,35.0,0
679,2011,74,73.0,71,76,71,75.0,78,70,75,1.9858,2.1422,2.0458,1,65.0,1
680,2011,76,75.0,76,73,69,68.0,76,71,72,1.9528,1.9957,2.0375,1,43.0,1
681,2011,76,75.0,66,66,64,58.0,76,77,67,1.9811,1.9353,2.3583,1,75.0,0
682,2011,80,75.0,74,84,77,65.0,86,74,76,1.5613,1.8534,1.9458,0,57.0,1
683,2011,71,68.0,61,70,64,73.0,75,72,69,2.0849,2.1379,2.3625,0,,0
684,2011,82,79.0,81,91,95,94.0,87,85,92,1.4858,1.5733,1.4667,0,81.0,1
685,2011,76,69.0,72,86,87,88.0,79,82,86,1.8019,1.8534,1.7625,1,43.0,1
686,2011,76,75.0,71,80,82,66.0,81,79,78,1.7453,1.9009,2.225,1,89.0,1
687,2011,61,58.0,56,57,56,59.0,66,53,62,2.5142,2.4957,2.5417,1,43.0,0
688,2011,86,89.0,83,91,89,88.0,92,89,94,1.3019,1.4612,1.4833,0,71.0,1
689,2011,80,78.0,73,75,60,68.0,78,74,75,1.8774,2.0259,2.0,1,89.0,1
690,2011,75,62.0,56,65,49,52.0,74,54,57,2.0283,2.4784,2.575,1,73.0,0
691,2011,80,74.0,70,76,73,63.0,79,69,72,1.7358,2.0216,2.0917,0,65.0,1
692,2011,85,80.0,80,92,92,84.0,87,86,86,1.5047,1.5431,1.6917,0,89.0,1
693,2011,78,80.0,78,80,78,76.0,79,70,80,1.7972,1.8621,1.8625,0,38.0,0
694,2011,80,88.0,75,78,76,72.0,81,75,77,1.7689,1.7414,1.9292,0,75.0,1
695,2011,78,71.0,74,78,61,64.0,81,73,69,1.75,2.056,2.125,0,35.0,0
696,2011,89,90.0,90,91,96,96.0,91,98,99,1.4057,1.2371,1.25,1,69.0,1
697,2011,72,81.0,68,61,70,65.0,76,68,74,2.1557,2.0,2.1375,1,38.0,0
698,2011,68,68.0,61,68,65,62.0,72,64,68,2.1745,2.1466,2.3583,1,48.0,0
699,2011,78,76.0,79,74,67,73.0,77,69,78,1.8302,1.9741,1.9708,1,23.0,1
700,2011,66,66.0,58,60,53,57.0,65,60,61,2.3632,2.4138,2.45,0,31.0,0
701,2011,76,71.0,75,59,57,59.0,71,67,68,2.1132,2.2112,2.1083,1,45.0,0
702,2011,73,74.0,75,72,76,72.0,76,74,81,2.1557,1.9828,2.0875,1,77.0,1
703,2011,79,76.0,75,77,69,71.0,80,72,76,1.7594,1.9612,1.9458,1,57.0,1
704,2011,82,81.0,77,78,79,73.0,81,78,78,1.7453,1.8362,2.0208,1,87.0,1
705,2011,50,52.0,50,50,47,54.0,52,46,55,2.9804,2.8017,2.775,1,40.0,0
706,2011,80,75.0,74,72,75,66.0,75,68,74,1.8821,1.9698,1.9583,1,69.0,0
707,2011,59,68.0,65,60,68,61.0,63,59,75,2.5189,2.3491,2.275,1,50.0,0
708,2011,72,70.0,64,69,60,59.0,72,61,66,2.0142,2.2845,2.2917,1,55.0,0
709,2011,58,62.0,65,68,68,76.0,73,68,78,2.2689,2.0905,2.1042,0,71.0,1
710,2011,67,68.0,67,69,62,67.0,66,63,70,2.217,2.1983,2.2167,1,27.0,0
711,2011,80,84.0,79,82,72,72.0,85,75,74,1.6038,1.7845,1.9708,0,69.0,1
712,2011,68,67.0,64,77,66,67.0,69,59,74,2.0896,2.2759,2.2,0,65.0,0
713,2011,66,69.0,65,75,65,73.0,78,68,84,2.1415,2.1379,2.0083,1,73.0,0
714,2011,61,58.0,57,59,59,55.0,69,61,59,2.4434,2.4612,2.5792,1,19.0,0
715,2011,71,76.0,67,68,65,63.0,82,75,70,1.9764,2.0216,2.1917,1,38.0,0
716,2011,61,70.0,61,69,66,59.0,67,58,68,2.316,2.2759,2.3958,0,55.0,0
717,2011,66,63.0,64,82,73,77.0,70,69,72,2.0991,2.1164,2.2542,1,57.0,0
718,2011,57,63.0,68,84,84,78.0,70,67,79,2.1557,2.1853,2.0333,0,79.0,1
719,2011,84,89.0,84,61,58,60.0,79,67,72,1.9623,1.9698,1.9833,1,73.0,0
720,2011,84,81.0,81,75,68,74.0,80,72,79,1.8019,1.8836,1.9292,1,81.0,1
721,2011,73,77.0,72,77,71,73.0,81,68,73,1.9953,2.1379,2.2167,1,69.0,0
722,2011,75,78.0,68,82,81,72.0,83,70,72,1.7028,1.9181,2.1,1,52.0,0
723,2011,87,81.0,83,91,95,91.0,91,92,93,1.4481,1.4612,1.4708,1,94.0,1
724,2011,61,60.0,53,82,81,74.0,75,65,65,2.1792,2.2543,2.3458,0,38.0,0
725,2011,70,64.0,64,69,61,65.0,69,67,67,2.1755,2.2328,2.3458,1,55.0,0
726,2011,62,59.0,65,72,63,55.0,76,63,56,2.1698,2.5259,2.7083,1,67.0,1
727,2011,76,81.0,80,79,70,71.0,79,70,80,1.8113,1.8707,1.85,0,73.0,1
728,2011,68,66.0,70,70,77,76.0,78,73,77,2.0991,1.9871,2.0667,1,71.0,1
729,2011,87,83.0,75,86,82,77.0,83,69,75,1.5943,1.8534,1.9667,0,81.0,1
730,2011,58,58.0,59,76,75,72.0,75,67,71,2.1274,2.2974,2.2833,0,60.0,0
731,2011,77,71.0,78,84,82,78.0,82,75,83,1.7406,1.8879,1.8667,0,55.0,1
732,2011,79,75.0,79,84,83,65.0,80,74,69,1.7311,1.8793,2.125,0,65.0,1
733,2011,89,89.0,90,89,80,86.0,87,83,88,1.4528,1.5474,1.4542,1,71.0,1
734,2011,70,70.0,70,71,72,62.0,71,65,59,2.0802,2.2112,2.2458,1,62.0,1
735,2011,80,71.0,77,88,79,85.0,85,76,69,1.717,2.0086,2.05,0,77.0,1
736,2011,73,70.0,64,61,49,53.0,71,57,59,2.1887,2.306,2.4,1,55.0,0
737,2011,70,67.0,72,84,90,84.0,79,75,83,1.9057,1.9914,1.9458,0,65.0,1
738,2011,61,61.0,67,59,63,63.0,69,69,73,2.4387,2.2198,2.3417,1,31.0,0
739,2011,82,78.0,73,72,71,64.0,80,69,71,1.9528,2.0603,2.1917,1,79.0,1
740,2011,72,84.0,76,64,61,66.0,71,64,73,2.1274,2.0603,2.1,1,27.0,0
741,2012,81,81.0,78,89,87,88.0,84,97,88,1.8269,1.7702,1.6774,1,87.0,1
742,2012,82,80.0,85,83,83,84.0,80,85,94,1.8066,1.7661,1.6694,1,84.0,1
743,2012,72,67.0,75,73,68,78.0,74,69,80,1.9906,2.1815,1.8992,1,31.0,0
744,2012,74,65.0,81,74,64,61.0,79,72,71,1.9575,2.2379,2.0806,1,57.0,0
745,2012,73,74.0,74,67,65,69.0,71,73,76,2.1557,2.0685,1.8911,1,65.0,0
746,2012,64,52.0,61,54,51,50.0,65,54,50,2.4327,2.6694,2.6815,1,33.0,0
747,2012,72,65.0,69,67,67,76.0,70,70,76,2.1635,2.2339,2.0403,1,33.0,0
748,2012,82,75.0,82,71,71,71.0,74,70,74,1.9057,2.0403,2.0605,0,71.0,0
749,2012,87,89.0,86,91,90,85.0,94,96,96,1.3443,1.371,1.3548,0,77.0,1
750,2012,78,68.0,77,82,75,69.0,77,76,68,2.0096,2.1169,2.0605,1,75.0,0
751,2012,83,86.0,79,77,76,68.0,80,79,78,1.816,1.975,1.9073,0,67.0,1
752,2012,70,64.0,70,60,55,61.0,68,61,69,2.2925,2.4435,2.254,1,69.0,0
753,2012,72,72.0,74,82,76,84.0,76,79,82,1.9387,1.9597,1.9435,1,62.0,0
754,2012,87,76.0,78,94,97,93.0,90,89,83,1.75,1.7218,1.7823,0,79.0,1
755,2012,70,74.0,80,68,61,61.0,81,77,75,2.1509,2.1411,2.0363,0,75.0,1
756,2012,77,76.0,80,94,93,88.0,84,80,84,1.7123,1.8266,1.7379,0,90.0,1
757,2012,73,75.0,74,79,69,74.0,81,82,87,2.0472,1.9556,1.8831,0,71.0,0
758,2012,87,92.0,89,87,84,86.0,87,88,86,1.5142,1.4476,1.4476,1,95.0,1
759,2012,80,77.0,70,63,59,52.0,80,77,68,1.8538,2.004,2.2298,0,57.0,0
760,2012,79,85.0,82,91,89,83.0,87,90,90,1.5377,1.5484,1.625,0,48.0,1
761,2012,84,78.0,74,83,78,71.0,81,79,69,1.9057,1.9073,2.1573,0,48.0,1
762,2012,59,53.0,55,60,52,58.0,62,60,61,2.5802,2.6046,2.6331,1,43.0,0
763,2012,92,83.0,80,84,79,79.0,87,82,85,1.4717,1.7379,1.6532,1,89.0,1
764,2012,83,70.0,79,91,79,74.0,84,78,76,1.5849,1.9798,1.8669,1,62.0,1
765,2012,77,78.0,73,75,72,68.0,78,76,72,1.8302,1.9435,2.0323,1,77.0,0
766,2012,68,66.0,69,63,59,56.0,65,68,64,2.3019,2.246,2.3548,1,48.0,0
767,2012,53,54.0,56,68,63,70.0,54,61,71,2.8349,2.5161,2.4032,1,55.0,0
768,2012,75,71.0,70,71,71,71.0,76,79,80,1.9575,1.9597,1.9153,1,33.0,0
769,2012,62,60.0,71,52,59,59.0,71,69,71,2.3632,2.2218,2.0766,1,33.0,0
770,2012,73,69.0,72,75,56,56.0,75,66,58,2.1085,2.4718,2.5766,0,48.0,0
771,2012,82,83.0,83,83,84,91.0,76,82,86,1.9706,1.8105,1.6855,1,60.0,1
772,2012,80,62.0,76,83,58,55.0,86,71,68,1.9009,2.2379,2.1895,0,98.0,0
773,2012,69,62.0,75,84,68,68.0,73,64,73,2.1792,2.375,2.1089,0,81.0,0
774,2012,88,75.0,71,85,63,64.0,92,64,73,1.5613,2.121,2.1653,0,71.0,1
775,2012,62,57.0,60,66,58,52.0,69,68,58,2.316,2.4032,2.3992,1,29.0,0
776,2012,84,83.0,84,86,81,80.0,78,87,81,1.7453,1.6774,1.7137,1,79.0,0
777,2012,60,60.0,69,73,58,61.0,78,65,64,2.2877,2.4677,2.2339,1,73.0,0
778,2012,60,64.0,59,73,70,73.0,78,75,79,2.2877,2.1411,2.1169,1,57.0,0
779,2012,88,72.0,79,85,71,72.0,92,77,76,1.5613,1.9716,1.9113,1,43.0,0
780,2012,62,60.0,60,74,54,61.0,71,54,57,2.2736,2.5323,2.6492,0,83.0,0
781,2012,72,66.0,78,86,61,54.0,69,68,64,2.0896,2.2016,2.3831,1,65.0,0
782,2012,82,83.0,78,82,74,78.0,78,86,87,1.75,1.7177,1.7581,1,48.0,1
783,2012,84,78.0,82,86,79,80.0,83,77,83,1.6509,1.8589,1.754,0,84.0,0
784,2012,52,50.0,53,68,53,53.0,63,56,50,2.7642,2.8105,2.7097,1,57.0,0
785,2012,63,52.0,61,54,62,70.0,60,59,68,2.3868,2.504,2.5,1,33.0,0
786,2012,79,77.0,81,89,82,79.0,87,83,84,1.6698,1.8024,1.7984,0,50.0,1
787,2012,81,83.0,79,88,81,85.0,83,88,89,1.6085,1.629,1.6734,1,81.0,1
788,2012,57,56.0,64,57,55,69.0,63,59,67,2.5566,2.4516,2.2379,1,40.0,0
789,2012,80,64.0,67,84,62,59.0,80,71,73,1.8302,2.3065,2.4556,1,77.0,0
790,2012,59,53.0,53,66,86,81.0,58,66,67,2.4906,2.4032,2.2823,1,12.0,0
791,2012,77,71.0,75,83,75,79.0,78,74,86,1.8632,2.0081,1.75,0,86.0,0
792,2012,76,76.0,79,77,81,72.0,76,82,83,1.9292,1.8427,1.8589,0,65.0,1
793,2012,78,71.0,71,90,74,75.0,77,89,83,1.8726,1.9556,2.0444,1,55.0,0
794,2012,73,66.0,72,77,68,61.0,72,70,74,2.0802,2.3105,2.3226,1,65.0,0
795,2012,66,64.0,66,60,63,65.0,66,66,68,2.3632,2.2419,2.1411,1,48.0,0
796,2012,81,81.0,80,89,86,91.0,86,90,90,1.5849,1.6331,1.5927,1,75.0,1
797,2012,70,66.0,64,70,53,62.0,72,64,68,2.2123,2.3911,2.3387,1,52.0,0
798,2012,68,71.0,73,68,64,72.0,70,72,76,2.0802,2.1089,2.0242,1,29.0,0
799,2012,65,68.0,70,64,59,62.0,66,71,68,2.4009,2.3105,2.2298,1,50.0,0
800,2012,68,67.0,70,71,68,75.0,75,75,77,2.0943,2.1048,1.9677,1,31.0,0
801,2012,74,68.0,71,76,67,72.0,74,69,67,1.9292,2.125,2.125,1,38.0,0
802,2012,86,85.0,81,98,93,91.0,96,89,93,1.3538,1.5847,1.5565,0,77.0,1
803,2012,69,58.0,52,60,50,68.0,65,50,58,2.3774,2.7218,2.7137,0,38.0,0
804,2012,79,81.0,80,78,71,76.0,76,84,85,1.9104,1.7863,1.7702,1,29.0,1
805,2012,80,79.0,73,74,66,61.0,71,76,68,1.9953,2.0242,2.0766,0,48.0,0
806,2012,55,50.0,53,61,50,50.0,54,52,52,2.8443,2.8266,2.7336,1,48.0,0
807,2012,54,50.0,50,67,50,54.0,61,53,54,2.8208,2.9556,2.8831,0,31.0,0
808,2012,69,66.0,60,82,60,64.0,74,70,87,2.0283,2.3266,2.1048,0,83.0,0
809,2012,73,70.0,75,69,74,71.0,75,72,74,2.0189,2.0242,2.0565,1,40.0,0
810,2012,96,85.0,87,91,83,78.0,88,80,83,1.3302,1.6895,1.6331,1,88.0,1
811,2012,71,69.0,68,62,52,57.0,69,69,68,2.1509,2.1774,2.1452,1,33.0,0
812,2012,90,77.0,82,96,97,97.0,92,86,94,1.5094,1.6492,1.5121,0,67.0,1
813,2012,80,74.0,69,77,78,74.0,80,77,76,1.9104,1.9839,2.0887,0,33.0,0
814,2012,75,66.0,66,69,66,70.0,74,70,72,2.0047,2.2419,2.2137,1,87.0,0
815,2012,83,69.0,70,91,85,86.0,77,67,75,1.7406,2.2097,2.0565,0,88.0,1
816,2012,70,72.0,74,54,48,54.0,68,53,58,2.5094,2.4556,2.3508,0,67.0,0
817,2012,81,78.0,78,92,89,89.0,84,90,91,1.6792,1.9597,1.6613,0,95.0,1
818,2012,80,79.0,82,85,86,83.0,86,89,94,1.6226,1.6048,1.4839,1,75.0,1
819,2012,66,67.0,65,57,60,60.0,66,66,63,2.3538,2.371,2.4073,0,55.0,0
820,2012,81,71.0,80,71,56,64.0,72,71,72,1.9387,2.2792,2.0363,1,43.0,0
821,2013,82,76.0,79,78,80,78.0,82,83,79,1.7885,1.8254,1.8347,1,83.0,1
822,2013,73,70.0,79,75,65,74.0,78,71,86,2.125,2.2903,1.8669,1,79.0,1
823,2013,83,80.0,80,79,75,78.0,77,81,88,1.8077,1.8532,1.6523,0,81.0,1
824,2013,79,81.0,79,80,70,71.0,83,87,82,1.8173,1.6905,1.8214,1,91.0,1
825,2013,62,65.0,61,68,62,62.0,77,63,68,2.125,2.3145,2.2203,0,60.0,0
826,2013,55,56.0,58,52,59,52.0,62,55,55,2.5769,2.6151,2.6048,0,33.0,0
827,2013,58,55.0,64,75,68,74.0,61,65,72,2.4327,2.4315,2.25,1,45.0,0
828,2013,59,67.0,67,69,60,56.0,71,59,60,2.2212,2.3911,2.4153,1,57.0,0
829,2013,65,64.0,67,92,84,77.0,80,81,84,1.8558,2.0242,2.0282,1,83.0,1
830,2013,78,82.0,79,88,93,94.0,80,83,90,1.75,1.6089,1.6492,1,95.0,1
831,2013,77,71.0,74,84,86,83.0,82,80,87,1.7885,1.7298,1.7782,1,81.0,1
832,2013,68,69.0,70,59,57,56.0,69,69,68,2.3173,2.246,2.2702,0,71.0,0
833,2013,78,81.0,86,82,78,75.0,86,85,89,1.7692,1.7097,1.5968,0,88.0,1
834,2013,55,63.0,61,53,56,45.0,66,60,56,2.6827,2.4637,2.7218,0,67.0,0
835,2013,66,74.0,70,71,75,64.0,82,74,72,2.24,2.0806,2.3145,1,86.0,1
836,2013,77,75.0,75,88,77,71.0,86,80,78,1.7115,1.9113,1.9395,1,88.0,1
837,2013,77,75.0,70,81,81,80.0,86,86,84,1.75,1.8065,1.9032,1,90.0,1
838,2013,57,55.0,55,63,58,50.0,62,51,58,2.4808,2.7177,2.6169,1,67.0,0
839,2013,83,81.0,83,81,78,84.0,83,86,83,1.6442,1.7056,1.7621,0,86.0,1
840,2013,66,65.0,68,61,65,62.0,74,67,72,2.2981,2.5202,2.3871,0,69.0,1
841,2013,84,85.0,88,80,75,83.0,87,87,87,1.6058,1.6371,1.5282,0,81.0,1
842,2013,82,78.0,77,85,77,63.0,80,84,75,1.6731,1.871,1.9637,1,75.0,1
843,2013,44,46.0,55,46,54,48.0,54,53,52,2.7308,2.7143,2.8185,0,14.0,0
844,2013,55,54.0,54,51,54,52.0,60,54,57,2.7115,2.6694,2.5766,1,27.0,0
845,2013,63,57.0,64,68,65,59.0,62,59,65,2.2212,2.3831,2.246,1,48.0,0
846,2013,70,72.0,68,72,75,73.0,69,75,78,2.0865,1.9435,1.9677,1,65.0,0
847,2013,66,68.0,71,59,60,54.0,69,61,64,2.2596,2.3266,2.3266,0,29.0,0
848,2013,68,67.0,74,73,68,71.0,72,67,73,2.0481,2.1492,2.004,0,43.0,0
849,2013,59,63.0,57,83,80,81.0,75,77,78,2.0577,2.0323,2.1048,1,77.0,0
850,2013,93,91.0,92,97,94,91.0,98,100,100,1.1731,1.2137,1.1895,1,99.0,1
851,2013,85,83.0,89,91,91,91.0,90,93,95,1.4519,1.4032,1.4453,0,43.0,1
852,2013,88,87.0,87,90,94,97.0,93,98,98,1.3942,1.2702,1.2097,0,89.0,1
853,2013,80,80.0,85,87,86,88.0,86,88,92,1.6346,1.6389,1.5403,0,84.0,1
854,2013,75,79.0,79,73,72,71.0,81,79,80,1.75,1.7903,1.7782,1,75.0,1
855,2013,56,57.0,60,62,55,50.0,69,53,57,2.3558,2.6129,2.496,1,21.0,0
856,2013,64,57.0,59,50,52,50.0,56,58,53,2.6154,2.7097,2.6331,0,31.0,0
857,2013,71,67.0,68,78,69,59.0,73,67,66,2.0481,2.1573,2.2379,1,57.0,0
858,2013,60,66.0,69,76,67,63.0,71,69,66,2.2212,2.2621,2.2742,1,81.0,0
859,2013,81,79.0,79,76,80,78.0,79,78,80,1.8365,1.8508,1.7984,0,84.0,1
860,2013,69,69.0,70,76,75,74.0,76,81,77,1.9615,1.9839,2.0081,1,67.0,0
861,2013,66,65.0,70,71,67,75.0,64,68,75,2.2019,2.2097,2.0363,1,65.0,0
862,2013,87,86.0,86,93,90,88.0,89,95,92,1.4423,1.4476,1.3589,1,95.0,1
863,2013,70,75.0,75,67,63,60.0,79,75,75,1.9231,1.9286,1.9919,1,62.0,0
864,2013,80,78.0,85,78,85,84.0,81,78,85,1.8846,1.879,1.8629,0,71.0,1
865,2013,75,70.0,73,86,76,81.0,89,79,83,1.6346,1.9798,1.7742,1,73.0,1
866,2013,80,68.0,82,81,79,88.0,76,72,87,1.9519,2.1055,1.6694,0,91.0,1
867,2013,85,84.0,78,81,72,69.0,82,83,78,1.6538,1.7581,1.8226,0,88.0,1
868,2013,66,66.0,66,68,61,55.0,73,63,55,2.1827,2.2581,2.5242,0,83.0,0
869,2013,72,72.0,77,78,74,68.0,84,70,79,1.9327,1.871,1.9798,0,91.0,1
870,2013,74,70.0,62,78,73,72.0,77,73,77,1.9712,2.121,2.1694,0,81.0,0
871,2013,76,75.0,71,91,85,81.0,85,77,79,1.625,1.8266,1.9032,1,69.0,1
872,2013,86,83.0,88,81,74,73.0,90,90,87,1.4712,1.6371,1.5605,0,81.0,1
873,2013,74,72.0,68,72,67,56.0,75,66,65,1.875,2.2016,2.2702,1,55.0,0
874,2013,73,75.0,73,75,68,75.0,76,67,73,1.9712,2.0,1.9597,0,65.0,0
875,2013,71,61.0,59,76,74,58.0,76,67,63,1.875,2.3306,2.4839,0,73.0,0
876,2013,76,81.0,76,85,76,83.0,81,77,76,1.7212,1.8548,1.7698,1,71.0,1
877,2013,63,62.0,59,67,69,69.0,69,70,67,2.2692,2.1452,2.2782,1,48.0,0
878,2013,78,75.0,75,75,74,76.0,81,78,84,1.9038,1.9798,1.8468,0,75.0,1
879,2013,54,61.0,59,74,70,56.0,64,64,59,2.4712,2.3306,2.5484,1,77.0,0
880,2013,67,67.0,68,65,67,65.0,66,64,71,2.2788,2.1573,2.1411,1,67.0,0
881,2013,52,54.0,55,50,54,49.0,52,56,58,2.8269,2.7097,2.6129,0,50.0,0
882,2013,73,68.0,81,90,90,90.0,79,73,81,1.9615,2.0565,1.9063,0,83.0,0
883,2013,68,72.0,71,68,73,63.0,76,76,69,1.8942,1.9395,2.0444,1,45.0,0
884,2013,62,63.0,63,74,77,71.0,69,68,68,2.2885,2.1815,2.2379,0,65.0,0
885,2013,75,79.0,88,80,84,92.0,77,83,88,1.9712,1.8185,1.6371,0,86.0,1
886,2013,51,57.0,54,79,81,79.0,64,66,70,2.4712,2.3306,2.2782,1,65.0,0
887,2013,73,72.0,81,78,79,80.0,78,85,81,1.8558,1.9073,1.7944,0,52.0,1
888,2013,65,65.0,60,67,66,60.0,68,64,62,2.2212,2.2298,2.3065,1,67.0,0
889,2013,69,64.0,69,67,62,61.0,71,63,69,2.2981,2.2863,2.246,0,77.0,0
890,2013,89,87.0,83,78,75,67.0,88,84,80,1.5577,1.6331,1.7339,0,91.0,1
891,2013,91,90.0,89,85,80,76.0,89,96,88,1.3558,1.3952,1.5161,1,75.0,1
892,2013,87,79.0,85,74,75,67.0,84,76,85,1.7212,1.8508,1.8226,0,94.0,1
893,2013,84,85.0,84,88,90,79.0,88,89,86,1.5096,1.5242,1.6895,1,86.0,1
894,2013,67,72.0,69,78,75,76.0,74,74,78,2.0481,1.9556,1.996,1,83.0,0
895,2013,87,89.0,98,89,88,92.0,96,96,98,1.2885,1.3508,1.3669,0,93.0,1
896,2013,54,57.0,58,59,65,57.0,56,60,58,2.5769,2.504,2.4758,0,27.0,0
897,2013,84,81.0,90,82,83,88.0,82,86,90,1.6923,1.6935,1.504,0,96.0,1
898,2013,80,84.0,82,90,86,85.0,89,90,88,1.5,1.5444,1.5685,1,69.0,1
899,2013,78,73.0,81,84,78,82.0,78,73,82,1.927,2.0766,1.784,0,83.0,0
900,2013,82,79.0,83,82,81,85.0,76,81,83,1.8269,1.7742,1.746,1,84.0,1
901,2013,81,86.0,84,85,80,84.0,84,86,84,1.7212,1.625,1.6976,0,75.0,0
902,2013,66,69.0,70,81,78,76.0,70,73,76,2.0673,1.9718,1.9879,0,65.0,0
903,2013,67,75.0,71,89,86,83.0,77,78,84,2.0192,1.871,1.7742,0,75.0,1
904,2013,80,84.0,78,93,81,,89,90,87,1.5769,1.7016,1.7742,1,95.0,1
905,2013,69,68.0,64,60,65,64.0,78,66,64,2.2215,2.2339,2.1694,1,89.0,1
906,2013,81,81.0,70,63,68,59.0,79,76,70,1.8462,1.8992,2.1008,1,67.0,1
907,2013,75,66.0,77,92,82,93.0,78,80,91,1.8077,1.8871,1.6573,1,86.0,1
908,2013,62,64.0,55,73,68,68.0,75,70,73,2.2596,2.3226,2.3911,1,71.0,0
909,2013,66,60.0,57,58,56,52.0,63,61,63,2.4712,2.621,2.5121,1,27.0,0
910,2013,80,81.0,77,93,92,90.0,94,93,90,1.4904,1.496,1.6008,0,81.0,1
911,2014,68,75.0,61,63,57,60.0,68,61,61,2.2115,2.2581,2.47581,1,68.0,0
912,2014,71,68.0,61,74,69,63.0,74,66,66,2.0962,2.121,2.33065,1,70.0,0
913,2014,55,55.0,56,73,67,63.0,70,58,70,2.5385,2.6008,2.31855,1,86.0,0
914,2014,64,65.0,63,61,58,63.0,62,60,59,2.4808,2.3831,2.45968,1,68.0,0
915,2014,68,74.0,74,59,65,66.0,73,71,71,2.1635,2.0323,2.02016,1,42.0,0
916,2014,81,83.0,81,79,72,68.0,79,70,67,1.8558,1.9395,2.09677,1,83.0,1
917,2014,57,63.0,56,57,52,59.0,56,61,55,2.5191,2.5444,2.61694,1,26.0,0
918,2014,67,74.0,68,70,64,61.0,72,66,60,2.1827,2.1976,2.375,1,68.0,0
919,2014,59,56.0,61,65,53,63.0,69,60,69,2.3269,2.5847,2.29839,1,68.0,0
920,2014,79,80.0,76,72,69,67.0,77,72,66,1.9135,1.9839,2.20161,1,68.0,1
921,2014,69,76.0,67,86,82,77.0,83,82,81,1.8558,1.7702,2.05645,0,84.0,1
922,2014,83,80.0,77,90,87,87.0,92,87,88,1.4903,1.6452,1.68548,0,68.0,1
923,2014,68,72.0,70,56,56,57.0,60,62,68,2.4038,2.25,2.31048,1,68.0,0
924,2014,59,67.0,64,66,57,64.0,63,63,65,2.4039,2.4677,2.42339,1,24.0,0
925,2014,74,81.0,78,63,60,61.0,68,65,64,2.1058,2.129,2.18952,1,68.0,0
926,2014,50,50.0,54,69,53,58.0,60,56,55,2.5481,2.6774,2.78226,1,68.0,0
927,2014,73,77.0,80,65,54,67.0,69,60,70,2.1539,2.2379,2.02823,1,68.0,0
928,2014,74,79.0,72,77,70,71.0,82,74,76,1.7308,1.871,1.95968,1,42.0,1
929,2014,73,77.0,65,68,58,68.0,76,60,67,2.0289,2.2702,2.21371,1,70.0,0
930,2014,59,53.0,56,62,60,58.0,57,53,62,2.5,2.629,2.57258,0,68.0,0
931,2014,74,73.0,66,67,67,66.0,72,70,66,2.0865,2.0927,2.30242,1,72.0,0
932,2014,76,79.0,80,76,74,77.0,75,81,83,1.9039,1.8548,1.81048,1,77.0,1
933,2014,75,79.0,72,82,80,77.0,82,83,81,1.8269,1.8669,1.97984,0,77.0,1
934,2014,76,77.0,75,89,87,85.0,83,83,81,1.6923,1.75,1.71774,1,68.0,1
935,2014,67,74.0,67,78,67,72.0,75,71,73,2.0673,2.1169,2.07661,1,42.0,0
936,2014,72,74.0,74,60,55,62.0,74,61,65,2.1442,2.2379,2.2379,0,68.0,0
937,2014,60,69.0,64,80,71,80.0,67,69,67,2.2692,2.0887,2.14516,1,77.0,1
938,2014,81,86.0,76,90,81,83.0,89,85,81,1.5192,1.6089,1.70968,1,68.0,1
939,2014,67,69.0,59,74,56,58.0,73,63,63,2.0769,2.2581,2.37097,1,77.0,0
940,2014,70,72.0,70,79,76,72.0,78,76,73,1.9327,1.9758,2.08475,1,79.0,0
941,2014,82,87.0,82,83,90,90.0,87,84,85,1.6346,1.629,1.69758,1,77.0,1
942,2014,83,77.0,73,92,83,84.0,84,80,78,1.5577,1.9194,1.87903,0,86.0,1
943,2014,64,65.0,59,63,58,62.0,69,66,64,2.2885,2.3024,2.375,1,65.0,0
944,2014,76,83.0,76,86,86,89.0,88,86,87,1.6346,1.7137,1.64919,0,70.0,1
945,2014,83,86.0,86,91,86,91.0,91,89,87,1.4423,1.5645,1.43952,1,89.0,1
946,2014,83,85.0,77,85,89,85.0,90,89,90,1.8077,1.7339,1.80645,0,94.0,1
947,2014,83,87.0,86,89,89,93.0,92,96,91,1.3942,1.3145,1.27823,0,83.0,1
948,2014,81,84.0,79,67,60,72.0,79,74,75,1.8846,2.0323,1.89919,0,89.0,1
949,2014,85,91.0,84,87,83,80.0,90,93,82,1.5481,1.4032,1.68952,1,70.0,1
950,2014,67,69.0,61,59,54,56.0,65,58,57,2.3365,2.371,2.56452,1,38.0,0
951,2014,67,60.0,64,85,71,72.0,73,74,73,2.0673,2.1532,2.19758,1,68.0,0
952,2014,54,60.0,51,67,60,59.0,57,59,53,2.6635,2.629,2.64516,0,70.0,0
953,2014,86,86.0,88,75,78,79.0,81,77,83,1.7211,1.8508,1.68548,0,84.0,1
954,2014,78,83.0,77,86,84,86.0,78,85,83,1.7692,1.6895,1.70968,0,68.0,0
955,2014,61,52.0,51,67,62,61.0,59,61,62,2.4808,2.4758,2.5,0,24.0,0
956,2014,75,81.0,73,79,63,66.0,75,65,72,1.9135,2.0726,2.07258,0,72.0,0
957,2014,66,66.0,62,60,52,56.0,58,57,55,2.5673,2.5282,2.61694,1,68.0,0
958,2014,73,81.0,81,88,87,85.0,80,86,83,1.7596,1.75,1.64919,0,74.0,1
959,2014,71,75.0,65,76,65,66.0,70,74,62,2.0865,2.0927,2.27419,0,72.0,0
960,2014,86,83.0,86,86,86,89.0,92,90,84,1.4519,1.6008,1.60887,1,89.0,1
961,2014,70,72.0,71,73,72,73.0,73,78,78,2.0962,1.9879,1.98387,1,68.0,0
962,2014,67,59.0,58,61,59,65.0,59,62,62,2.4327,2.4073,2.3871,0,68.0,0
963,2014,85,84.0,85,92,89,92.0,91,93,92,1.4904,1.5605,1.49597,0,99.0,1
964,2014,68,67.0,70,73,61,77.0,76,73,82,2.2019,2.3387,1.94355,0,81.0,0
965,2014,84,,83,92,89,90.0,94,91,91,1.3365,1.4194,1.37097,0,72.0,1
966,2014,76,85.0,76,83,75,80.0,77,77,77,1.8558,1.7944,1.85081,0,77.0,1
967,2014,55,65.0,59,68,63,68.0,62,63,63,2.4423,2.3145,2.25403,1,19.0,0
968,2014,72,70.0,69,78,63,70.0,76,65,69,1.8942,2.1129,2.01613,1,65.0,0
969,2014,79,85.0,76,88,93,94.0,90,91,89,1.6442,1.5524,1.75,0,98.0,1
970,2014,56,56.0,51,56,54,55.0,60,53,59,2.5577,2.625,2.72581,0,23.0,0
971,2014,75,82.0,86,85,82,85.0,90,88,79,1.6923,1.6491,1.6774,0,70.0,1
972,2014,76,80.0,78,83,75,85.0,85,72,80,1.7596,1.8952,1.75,0,83.0,1
973,2014,60,75.0,77,58,60,60.0,69,65,67,2.4231,2.371,2.27016,0,68.0,0
974,2014,72,78.0,78,85,87,90.0,81,84,84,1.8462,1.8024,1.65323,1,84.0,1
975,2014,65,69.0,60,84,70,65.0,79,68,65,2.1539,2.1492,2.44758,0,83.0,0
976,2014,82,85.0,86,83,76,77.0,83,82,82,1.6154,1.7097,1.61694,0,81.0,1
977,2014,52,51.0,51,53,56,60.0,55,56,56,2.6539,2.6452,2.56452,0,24.0,0
978,2014,69,79.0,73,78,79,84.0,77,72,73,1.9519,1.9879,2.03226,1,70.0,0
979,2014,68,70.0,67,94,94,89.0,85,84,85,1.9135,1.8589,2.0121,0,92.0,1
980,2014,71,73.0,68,78,70,73.0,75,74,73,1.9808,1.9476,2.05242,1,40.0,0
981,2014,52,62.0,60,54,59,65.0,59,59,61,2.5,2.4879,2.42742,0,20.0,0
982,2014,71,72.0,74,68,61,64.0,69,65,67,2.0673,2.1935,2.10887,1,40.0,0
983,2014,81,83.0,79,84,78,82.0,77,84,81,1.7308,1.8226,1.82661,0,81.0,1
984,2014,80,83.0,77,82,58,80.0,84,80,80,1.7404,1.8589,1.87903,0,84.0,1
985,2014,56,54.0,57,52,79,62.0,60,55,60,2.5962,2.5282,2.46774,1,26.0,0
986,2014,74,74.0,75,70,70,69.0,75,70,75,1.9423,1.9758,1.95565,1,42.0,0
987,2014,66,71.0,63,73,69,71.0,75,77,73,2.125,2.0645,2.16935,0,68.0,0
988,2014,78,83.0,79,85,80,82.0,84,88,86,1.7308,1.6169,1.70968,0,99.0,1
989,2014,80,83.0,82,89,94,97.0,88,89,94,1.5385,1.4919,1.34274,0,79.0,1
990,2014,75,81.0,77,86,92,90.0,84,84,83,1.7596,1.6573,1.70565,0,79.0,1
991,2014,82,85.0,86,94,97,95.0,85,86,86,1.5673,1.5081,1.52016,1,91.0,1
992,2014,82,85.0,86,80,70,74.0,81,78,78,1.7404,1.8185,1.72581,1,68.0,1
993,2014,76,79.0,69,73,61,69.0,79,70,71,1.8654,2.0282,2.12097,0,68.0,0
994,2014,56,63.0,51,51,51,50.0,53,55,53,2.7596,2.6734,58.1129,0,68.0,0
995,2014,68,67.0,64,79,69,66.0,75,66,67,2.1154,2.1008,2.33468,1,68.0,1
996,2014,68,69.0,68,70,72,72.0,70,72,77,2.0289,2.0282,1.9879,1,19.0,0
997,2014,74,68.0,69,77,67,73.0,79,77,78,1.8077,2.0444,2.03629,1,68.0,0
998,2014,71,75.0,72,66,64,69.0,71,73,67,2.1154,2.0806,2.16129,1,70.0,0
999,2014,85,86.0,86,80,84,81.0,87,88,84,1.5865,1.5444,1.62097,0,91.0,1
1000,2014,75,78.0,76,78,76,75.0,80,79,76,1.7596,1.8508,1.87903,0,68.0,0
1001,2014,86,86.0,85,85,84,88.0,94,90,86,1.3654,1.4677,1.43145,1,84.0,1
1002,2014,57,67.0,61,61,56,57.0,60,61,57,2.5192,2.3629,2.49194,0,68.0,0
1003,2014,82,85.0,83,96,94,96.0,97,98,96,1.2885,1.3266,1.32661,1,72.0,1
1004,2014,67,72.0,62,64,55,57.0,65,60,57,2.2981,2.3992,2.47581,0,77.0,0
1005,2014,53,56.0,52,55,52,58.0,63,51,51,2.5577,2.6089,2.72984,1,26.0,0
1006,2014,59,67.0,57,71,61,64.0,67,63,67,2.4135,2.3589,2.32258,0,24.0,0
1007,2014,84,83.0,85,93,89,92.0,89,96,93,1.5192,1.4597,1.43952,0,86.0,1
1008,2014,78,83.0,77,82,62,69.0,84,71,70,1.7115,1.9556,2.02016,0,72.0,0
1009,2014,73,75.0,74,79,78,78.0,76,79,77,1.9231,1.7621,1.875,1,68.0,1
